scenario_id,ue_id,user_index,rb_index,rate_kbps,sinr_db,cqi
simu5g_00000298,0,0,0,1160.0,,15.0
simu5g_00000298,0,0,1,608.0,,9.0
simu5g_00000298,0,0,2,1160.0,,15.0
simu5g_00000298,0,0,3,984.0,,13.0
simu5g_00000298,0,0,4,1160.0,,15.0
simu5g_00000298,0,0,5,984.0,,13.0
simu5g_00000298,0,0,6,1128.0,,14.0
simu5g_00000298,0,0,7,1160.0,,15.0
simu5g_00000298,0,0,8,888.0,,12.0
simu5g_00000298,0,0,9,1128.0,,14.0
simu5g_00000298,0,0,10,1160.0,,15.0
simu5g_00000298,0,0,11,1160.0,,15.0
simu5g_00000298,0,0,12,1160.0,,15.0
simu5g_00000298,0,0,13,1128.0,,14.0
simu5g_00000298,0,0,14,1160.0,,15.0
simu5g_00000298,0,0,15,1160.0,,15.0
simu5g_00000298,0,0,16,1128.0,,14.0
simu5g_00000298,0,0,17,1160.0,,15.0
simu5g_00000298,0,0,18,1160.0,,15.0
simu5g_00000298,0,0,19,1128.0,,14.0
simu5g_00000298,0,0,20,1160.0,,15.0
simu5g_00000298,0,0,21,984.0,,13.0
simu5g_00000298,0,0,22,1160.0,,15.0
simu5g_00000298,0,0,23,1160.0,,15.0
simu5g_00000298,0,0,24,1128.0,,14.0
simu5g_00000298,1,1,0,1160.0,,15.0
simu5g_00000298,1,1,1,1160.0,,15.0
simu5g_00000298,1,1,2,1160.0,,15.0
simu5g_00000298,1,1,3,1160.0,,15.0
simu5g_00000298,1,1,4,1160.0,,15.0
simu5g_00000298,1,1,5,1160.0,,15.0
simu5g_00000298,1,1,6,1160.0,,15.0
simu5g_00000298,1,1,7,1160.0,,15.0
simu5g_00000298,1,1,8,1160.0,,15.0
simu5g_00000298,1,1,9,1160.0,,15.0
simu5g_00000298,1,1,10,1160.0,,15.0
simu5g_00000298,1,1,11,1160.0,,15.0
simu5g_00000298,1,1,12,1160.0,,15.0
simu5g_00000298,1,1,13,1160.0,,15.0
simu5g_00000298,1,1,14,1160.0,,15.0
simu5g_00000298,1,1,15,1160.0,,15.0
simu5g_00000298,1,1,16,1160.0,,15.0
simu5g_00000298,1,1,17,1160.0,,15.0
simu5g_00000298,1,1,18,1160.0,,15.0
simu5g_00000298,1,1,19,1160.0,,15.0
simu5g_00000298,1,1,20,1160.0,,15.0
simu5g_00000298,1,1,21,1160.0,,15.0
simu5g_00000298,1,1,22,1160.0,,15.0
simu5g_00000298,1,1,23,1160.0,,15.0
simu5g_00000298,1,1,24,1160.0,,15.0
simu5g_00000298,2,2,0,1160.0,,15.0
simu5g_00000298,2,2,1,1128.0,,14.0
simu5g_00000298,2,2,2,1128.0,,14.0
simu5g_00000298,2,2,3,1160.0,,15.0
simu5g_00000298,2,2,4,1160.0,,15.0
simu5g_00000298,2,2,5,1128.0,,14.0
simu5g_00000298,2,2,6,888.0,,12.0
simu5g_00000298,2,2,7,1128.0,,14.0
simu5g_00000298,2,2,8,1160.0,,15.0
simu5g_00000298,2,2,9,1128.0,,14.0
simu5g_00000298,2,2,10,984.0,,13.0
simu5g_00000298,2,2,11,1160.0,,15.0
simu5g_00000298,2,2,12,1160.0,,15.0
simu5g_00000298,2,2,13,1160.0,,15.0
simu5g_00000298,2,2,14,1128.0,,14.0
simu5g_00000298,2,2,15,1160.0,,15.0
simu5g_00000298,2,2,16,1160.0,,15.0
simu5g_00000298,2,2,17,1128.0,,14.0
simu5g_00000298,2,2,18,984.0,,13.0
simu5g_00000298,2,2,19,1128.0,,14.0
simu5g_00000298,2,2,20,1160.0,,15.0
simu5g_00000298,2,2,21,888.0,,12.0
simu5g_00000298,2,2,22,1160.0,,15.0
simu5g_00000298,2,2,23,1160.0,,15.0
simu5g_00000298,2,2,24,1128.0,,14.0
simu5g_00000298,3,3,0,608.0,,9.0
simu5g_00000298,3,3,1,368.0,,6.0
simu5g_00000298,3,3,2,808.0,,11.0
simu5g_00000298,3,3,3,528.0,,8.0
simu5g_00000298,3,3,4,528.0,,8.0
simu5g_00000298,3,3,5,368.0,,6.0
simu5g_00000298,3,3,6,608.0,,9.0
simu5g_00000298,3,3,7,224.0,,4.0
simu5g_00000298,3,3,8,704.0,,10.0
simu5g_00000298,3,3,9,528.0,,8.0
simu5g_00000298,3,3,10,608.0,,9.0
simu5g_00000298,3,3,11,224.0,,4.0
simu5g_00000298,3,3,12,608.0,,9.0
simu5g_00000298,3,3,13,528.0,,8.0
simu5g_00000298,3,3,14,808.0,,11.0
simu5g_00000298,3,3,15,608.0,,9.0
simu5g_00000298,3,3,16,432.0,,7.0
simu5g_00000298,3,3,17,368.0,,6.0
simu5g_00000298,3,3,18,608.0,,9.0
simu5g_00000298,3,3,19,368.0,,6.0
simu5g_00000298,3,3,20,432.0,,7.0
simu5g_00000298,3,3,21,608.0,,9.0
simu5g_00000298,3,3,22,368.0,,6.0
simu5g_00000298,3,3,23,808.0,,11.0
simu5g_00000298,3,3,24,608.0,,9.0
simu5g_00000300,0,0,0,1160.0,,15.0
simu5g_00000300,0,0,1,608.0,,9.0
simu5g_00000300,0,0,2,1160.0,,15.0
simu5g_00000300,0,0,3,984.0,,13.0
simu5g_00000300,0,0,4,1160.0,,15.0
simu5g_00000300,0,0,5,984.0,,13.0
simu5g_00000300,0,0,6,1128.0,,14.0
simu5g_00000300,0,0,7,1160.0,,15.0
simu5g_00000300,0,0,8,888.0,,12.0
simu5g_00000300,0,0,9,1128.0,,14.0
simu5g_00000300,0,0,10,1160.0,,15.0
simu5g_00000300,0,0,11,1160.0,,15.0
simu5g_00000300,0,0,12,1160.0,,15.0
simu5g_00000300,0,0,13,1128.0,,14.0
simu5g_00000300,0,0,14,1160.0,,15.0
simu5g_00000300,0,0,15,1160.0,,15.0
simu5g_00000300,0,0,16,1128.0,,14.0
simu5g_00000300,0,0,17,1160.0,,15.0
simu5g_00000300,0,0,18,1160.0,,15.0
simu5g_00000300,0,0,19,1128.0,,14.0
simu5g_00000300,0,0,20,1160.0,,15.0
simu5g_00000300,0,0,21,984.0,,13.0
simu5g_00000300,0,0,22,1160.0,,15.0
simu5g_00000300,0,0,23,1160.0,,15.0
simu5g_00000300,0,0,24,1128.0,,14.0
simu5g_00000300,1,1,0,1160.0,,15.0
simu5g_00000300,1,1,1,1160.0,,15.0
simu5g_00000300,1,1,2,1160.0,,15.0
simu5g_00000300,1,1,3,1160.0,,15.0
simu5g_00000300,1,1,4,1160.0,,15.0
simu5g_00000300,1,1,5,1160.0,,15.0
simu5g_00000300,1,1,6,1160.0,,15.0
simu5g_00000300,1,1,7,1160.0,,15.0
simu5g_00000300,1,1,8,1160.0,,15.0
simu5g_00000300,1,1,9,1160.0,,15.0
simu5g_00000300,1,1,10,1160.0,,15.0
simu5g_00000300,1,1,11,1160.0,,15.0
simu5g_00000300,1,1,12,1160.0,,15.0
simu5g_00000300,1,1,13,1160.0,,15.0
simu5g_00000300,1,1,14,1160.0,,15.0
simu5g_00000300,1,1,15,1160.0,,15.0
simu5g_00000300,1,1,16,1160.0,,15.0
simu5g_00000300,1,1,17,1160.0,,15.0
simu5g_00000300,1,1,18,1160.0,,15.0
simu5g_00000300,1,1,19,1160.0,,15.0
simu5g_00000300,1,1,20,1160.0,,15.0
simu5g_00000300,1,1,21,1160.0,,15.0
simu5g_00000300,1,1,22,1160.0,,15.0
simu5g_00000300,1,1,23,1160.0,,15.0
simu5g_00000300,1,1,24,1160.0,,15.0
simu5g_00000300,2,2,0,1160.0,,15.0
simu5g_00000300,2,2,1,1128.0,,14.0
simu5g_00000300,2,2,2,1128.0,,14.0
simu5g_00000300,2,2,3,1160.0,,15.0
simu5g_00000300,2,2,4,1160.0,,15.0
simu5g_00000300,2,2,5,1128.0,,14.0
simu5g_00000300,2,2,6,888.0,,12.0
simu5g_00000300,2,2,7,1128.0,,14.0
simu5g_00000300,2,2,8,1160.0,,15.0
simu5g_00000300,2,2,9,1128.0,,14.0
simu5g_00000300,2,2,10,984.0,,13.0
simu5g_00000300,2,2,11,1160.0,,15.0
simu5g_00000300,2,2,12,1160.0,,15.0
simu5g_00000300,2,2,13,1160.0,,15.0
simu5g_00000300,2,2,14,1128.0,,14.0
simu5g_00000300,2,2,15,1160.0,,15.0
simu5g_00000300,2,2,16,1160.0,,15.0
simu5g_00000300,2,2,17,1128.0,,14.0
simu5g_00000300,2,2,18,984.0,,13.0
simu5g_00000300,2,2,19,1128.0,,14.0
simu5g_00000300,2,2,20,1160.0,,15.0
simu5g_00000300,2,2,21,888.0,,12.0
simu5g_00000300,2,2,22,1160.0,,15.0
simu5g_00000300,2,2,23,1160.0,,15.0
simu5g_00000300,2,2,24,1128.0,,14.0
simu5g_00000300,3,3,0,608.0,,9.0
simu5g_00000300,3,3,1,368.0,,6.0
simu5g_00000300,3,3,2,808.0,,11.0
simu5g_00000300,3,3,3,528.0,,8.0
simu5g_00000300,3,3,4,528.0,,8.0
simu5g_00000300,3,3,5,368.0,,6.0
simu5g_00000300,3,3,6,608.0,,9.0
simu5g_00000300,3,3,7,224.0,,4.0
simu5g_00000300,3,3,8,704.0,,10.0
simu5g_00000300,3,3,9,528.0,,8.0
simu5g_00000300,3,3,10,608.0,,9.0
simu5g_00000300,3,3,11,224.0,,4.0
simu5g_00000300,3,3,12,608.0,,9.0
simu5g_00000300,3,3,13,528.0,,8.0
simu5g_00000300,3,3,14,808.0,,11.0
simu5g_00000300,3,3,15,608.0,,9.0
simu5g_00000300,3,3,16,432.0,,7.0
simu5g_00000300,3,3,17,368.0,,6.0
simu5g_00000300,3,3,18,608.0,,9.0
simu5g_00000300,3,3,19,368.0,,6.0
simu5g_00000300,3,3,20,432.0,,7.0
simu5g_00000300,3,3,21,608.0,,9.0
simu5g_00000300,3,3,22,368.0,,6.0
simu5g_00000300,3,3,23,808.0,,11.0
simu5g_00000300,3,3,24,608.0,,9.0
simu5g_00000302,0,0,0,1160.0,,15.0
simu5g_00000302,0,0,1,608.0,,9.0
simu5g_00000302,0,0,2,1160.0,,15.0
simu5g_00000302,0,0,3,984.0,,13.0
simu5g_00000302,0,0,4,1160.0,,15.0
simu5g_00000302,0,0,5,984.0,,13.0
simu5g_00000302,0,0,6,1128.0,,14.0
simu5g_00000302,0,0,7,1160.0,,15.0
simu5g_00000302,0,0,8,888.0,,12.0
simu5g_00000302,0,0,9,1128.0,,14.0
simu5g_00000302,0,0,10,1160.0,,15.0
simu5g_00000302,0,0,11,1160.0,,15.0
simu5g_00000302,0,0,12,1160.0,,15.0
simu5g_00000302,0,0,13,1128.0,,14.0
simu5g_00000302,0,0,14,1160.0,,15.0
simu5g_00000302,0,0,15,1160.0,,15.0
simu5g_00000302,0,0,16,1128.0,,14.0
simu5g_00000302,0,0,17,1160.0,,15.0
simu5g_00000302,0,0,18,1160.0,,15.0
simu5g_00000302,0,0,19,1128.0,,14.0
simu5g_00000302,0,0,20,1160.0,,15.0
simu5g_00000302,0,0,21,984.0,,13.0
simu5g_00000302,0,0,22,1160.0,,15.0
simu5g_00000302,0,0,23,1160.0,,15.0
simu5g_00000302,0,0,24,1128.0,,14.0
simu5g_00000302,1,1,0,1160.0,,15.0
simu5g_00000302,1,1,1,1160.0,,15.0
simu5g_00000302,1,1,2,1160.0,,15.0
simu5g_00000302,1,1,3,1160.0,,15.0
simu5g_00000302,1,1,4,1160.0,,15.0
simu5g_00000302,1,1,5,1160.0,,15.0
simu5g_00000302,1,1,6,1160.0,,15.0
simu5g_00000302,1,1,7,1160.0,,15.0
simu5g_00000302,1,1,8,1160.0,,15.0
simu5g_00000302,1,1,9,1160.0,,15.0
simu5g_00000302,1,1,10,1160.0,,15.0
simu5g_00000302,1,1,11,1160.0,,15.0
simu5g_00000302,1,1,12,1160.0,,15.0
simu5g_00000302,1,1,13,1160.0,,15.0
simu5g_00000302,1,1,14,1160.0,,15.0
simu5g_00000302,1,1,15,1160.0,,15.0
simu5g_00000302,1,1,16,1160.0,,15.0
simu5g_00000302,1,1,17,1160.0,,15.0
simu5g_00000302,1,1,18,1160.0,,15.0
simu5g_00000302,1,1,19,1160.0,,15.0
simu5g_00000302,1,1,20,1160.0,,15.0
simu5g_00000302,1,1,21,1160.0,,15.0
simu5g_00000302,1,1,22,1160.0,,15.0
simu5g_00000302,1,1,23,1160.0,,15.0
simu5g_00000302,1,1,24,1160.0,,15.0
simu5g_00000302,2,2,0,1160.0,,15.0
simu5g_00000302,2,2,1,1128.0,,14.0
simu5g_00000302,2,2,2,1128.0,,14.0
simu5g_00000302,2,2,3,1160.0,,15.0
simu5g_00000302,2,2,4,1160.0,,15.0
simu5g_00000302,2,2,5,1128.0,,14.0
simu5g_00000302,2,2,6,888.0,,12.0
simu5g_00000302,2,2,7,1128.0,,14.0
simu5g_00000302,2,2,8,1160.0,,15.0
simu5g_00000302,2,2,9,1128.0,,14.0
simu5g_00000302,2,2,10,984.0,,13.0
simu5g_00000302,2,2,11,1160.0,,15.0
simu5g_00000302,2,2,12,1160.0,,15.0
simu5g_00000302,2,2,13,1160.0,,15.0
simu5g_00000302,2,2,14,1128.0,,14.0
simu5g_00000302,2,2,15,1160.0,,15.0
simu5g_00000302,2,2,16,1160.0,,15.0
simu5g_00000302,2,2,17,1128.0,,14.0
simu5g_00000302,2,2,18,984.0,,13.0
simu5g_00000302,2,2,19,1128.0,,14.0
simu5g_00000302,2,2,20,1160.0,,15.0
simu5g_00000302,2,2,21,888.0,,12.0
simu5g_00000302,2,2,22,1160.0,,15.0
simu5g_00000302,2,2,23,1160.0,,15.0
simu5g_00000302,2,2,24,1128.0,,14.0
simu5g_00000302,3,3,0,608.0,,9.0
simu5g_00000302,3,3,1,368.0,,6.0
simu5g_00000302,3,3,2,808.0,,11.0
simu5g_00000302,3,3,3,528.0,,8.0
simu5g_00000302,3,3,4,528.0,,8.0
simu5g_00000302,3,3,5,368.0,,6.0
simu5g_00000302,3,3,6,608.0,,9.0
simu5g_00000302,3,3,7,224.0,,4.0
simu5g_00000302,3,3,8,704.0,,10.0
simu5g_00000302,3,3,9,528.0,,8.0
simu5g_00000302,3,3,10,608.0,,9.0
simu5g_00000302,3,3,11,224.0,,4.0
simu5g_00000302,3,3,12,608.0,,9.0
simu5g_00000302,3,3,13,528.0,,8.0
simu5g_00000302,3,3,14,808.0,,11.0
simu5g_00000302,3,3,15,608.0,,9.0
simu5g_00000302,3,3,16,432.0,,7.0
simu5g_00000302,3,3,17,368.0,,6.0
simu5g_00000302,3,3,18,608.0,,9.0
simu5g_00000302,3,3,19,368.0,,6.0
simu5g_00000302,3,3,20,432.0,,7.0
simu5g_00000302,3,3,21,608.0,,9.0
simu5g_00000302,3,3,22,368.0,,6.0
simu5g_00000302,3,3,23,808.0,,11.0
simu5g_00000302,3,3,24,608.0,,9.0
simu5g_00000520,1,0,0,1160.000000,,15.0
simu5g_00000520,1,0,1,1160.000000,,15.0
simu5g_00000520,1,0,2,1160.000000,,15.0
simu5g_00000520,1,0,3,1160.000000,,15.0
simu5g_00000520,1,0,4,1160.000000,,15.0
simu5g_00000520,1,0,5,1160.000000,,15.0
simu5g_00000520,1,0,6,1160.000000,,15.0
simu5g_00000520,1,0,7,1160.000000,,15.0
simu5g_00000520,1,0,8,1160.000000,,15.0
simu5g_00000520,1,0,9,1160.000000,,15.0
simu5g_00000520,1,0,10,1160.000000,,15.0
simu5g_00000520,1,0,11,1160.000000,,15.0
simu5g_00000520,1,0,12,1160.000000,,15.0
simu5g_00000520,1,0,13,1160.000000,,15.0
simu5g_00000520,1,0,14,1160.000000,,15.0
simu5g_00000520,1,0,15,1160.000000,,15.0
simu5g_00000520,1,0,16,1160.000000,,15.0
simu5g_00000520,1,0,17,1160.000000,,15.0
simu5g_00000520,1,0,18,1160.000000,,15.0
simu5g_00000520,1,0,19,1160.000000,,15.0
simu5g_00000520,1,0,20,1160.000000,,15.0
simu5g_00000520,1,0,21,1160.000000,,15.0
simu5g_00000520,1,0,22,1160.000000,,15.0
simu5g_00000520,1,0,23,1128.000000,,14.0
simu5g_00000520,1,0,24,1160.000000,,15.0
simu5g_00000520,2,1,0,380.160000,,10.0
simu5g_00000520,2,1,1,328.320000,,9.0
simu5g_00000520,2,1,2,285.120000,,8.0
simu5g_00000520,2,1,3,531.360000,,13.0
simu5g_00000520,2,1,4,328.320000,,9.0
simu5g_00000520,2,1,5,328.320000,,9.0
simu5g_00000520,2,1,6,164.160000,,5.0
simu5g_00000520,2,1,7,285.120000,,8.0
simu5g_00000520,2,1,8,479.520000,,12.0
simu5g_00000520,2,1,9,285.120000,,8.0
simu5g_00000520,2,1,10,198.720000,,6.0
simu5g_00000520,2,1,11,380.160000,,10.0
simu5g_00000520,2,1,12,328.320000,,9.0
simu5g_00000520,2,1,13,328.320000,,9.0
simu5g_00000520,2,1,14,233.280000,,7.0
simu5g_00000520,2,1,15,479.520000,,12.0
simu5g_00000520,2,1,16,479.520000,,12.0
simu5g_00000520,2,1,17,285.120000,,8.0
simu5g_00000520,2,1,18,198.720000,,6.0
simu5g_00000520,2,1,19,328.320000,,9.0
simu5g_00000520,2,1,20,380.160000,,10.0
simu5g_00000520,2,1,21,164.160000,,5.0
simu5g_00000520,2,1,22,380.160000,,10.0
simu5g_00000520,2,1,23,328.320000,,9.0
simu5g_00000520,2,1,24,233.280000,,7.0
simu5g_00000520,3,2,0,1160.000000,,15.0
simu5g_00000520,3,2,1,1160.000000,,15.0
simu5g_00000520,3,2,2,1160.000000,,15.0
simu5g_00000520,3,2,3,1160.000000,,15.0
simu5g_00000520,3,2,4,1160.000000,,15.0
simu5g_00000520,3,2,5,1160.000000,,15.0
simu5g_00000520,3,2,6,1160.000000,,15.0
simu5g_00000520,3,2,7,1128.000000,,14.0
simu5g_00000520,3,2,8,1160.000000,,15.0
simu5g_00000520,3,2,9,1160.000000,,15.0
simu5g_00000520,3,2,10,1160.000000,,15.0
simu5g_00000520,3,2,11,1128.000000,,14.0
simu5g_00000520,3,2,12,1160.000000,,15.0
simu5g_00000520,3,2,13,1160.000000,,15.0
simu5g_00000520,3,2,14,1160.000000,,15.0
simu5g_00000520,3,2,15,1160.000000,,15.0
simu5g_00000520,3,2,16,1160.000000,,15.0
simu5g_00000520,3,2,17,1160.000000,,15.0
simu5g_00000520,3,2,18,1160.000000,,15.0
simu5g_00000520,3,2,19,1160.000000,,15.0
simu5g_00000520,3,2,20,1160.000000,,15.0
simu5g_00000520,3,2,21,1160.000000,,15.0
simu5g_00000520,3,2,22,1160.000000,,15.0
simu5g_00000520,3,2,23,1160.000000,,15.0
simu5g_00000520,3,2,24,1160.000000,,15.0
simu5g_00000520,4,3,0,1113.600000,,15.0
simu5g_00000520,4,3,1,944.640000,,13.0
simu5g_00000520,4,3,2,1082.880000,,14.0
simu5g_00000520,4,3,3,1113.600000,,15.0
simu5g_00000520,4,3,4,1082.880000,,14.0
simu5g_00000520,4,3,5,1113.600000,,15.0
simu5g_00000520,4,3,6,1113.600000,,15.0
simu5g_00000520,4,3,7,1082.880000,,14.0
simu5g_00000520,4,3,8,1113.600000,,15.0
simu5g_00000520,4,3,9,583.680000,,9.0
simu5g_00000520,4,3,10,1082.880000,,14.0
simu5g_00000520,4,3,11,1113.600000,,15.0
simu5g_00000520,4,3,12,852.480000,,12.0
simu5g_00000520,4,3,13,1113.600000,,15.0
simu5g_00000520,4,3,14,1113.600000,,15.0
simu5g_00000520,4,3,15,944.640000,,13.0
simu5g_00000520,4,3,16,1082.880000,,14.0
simu5g_00000520,4,3,17,1113.600000,,15.0
simu5g_00000520,4,3,18,852.480000,,12.0
simu5g_00000520,4,3,19,1082.880000,,14.0
simu5g_00000520,4,3,20,1113.600000,,15.0
simu5g_00000520,4,3,21,130.560000,,3.0
simu5g_00000520,4,3,22,1113.600000,,15.0
simu5g_00000520,4,3,23,775.680000,,11.0
simu5g_00000520,4,3,24,944.640000,,13.0
simu5g_00000520,5,4,0,1136.800000,,15.0
simu5g_00000520,5,4,1,1136.800000,,15.0
simu5g_00000520,5,4,2,1136.800000,,15.0
simu5g_00000520,5,4,3,1136.800000,,15.0
simu5g_00000520,5,4,4,1136.800000,,15.0
simu5g_00000520,5,4,5,1105.440000,,14.0
simu5g_00000520,5,4,6,1136.800000,,15.0
simu5g_00000520,5,4,7,1136.800000,,15.0
simu5g_00000520,5,4,8,1136.800000,,15.0
simu5g_00000520,5,4,9,1136.800000,,15.0
simu5g_00000520,5,4,10,1136.800000,,15.0
simu5g_00000520,5,4,11,1136.800000,,15.0
simu5g_00000520,5,4,12,1136.800000,,15.0
simu5g_00000520,5,4,13,1136.800000,,15.0
simu5g_00000520,5,4,14,1136.800000,,15.0
simu5g_00000520,5,4,15,1136.800000,,15.0
simu5g_00000520,5,4,16,1136.800000,,15.0
simu5g_00000520,5,4,17,1136.800000,,15.0
simu5g_00000520,5,4,18,964.320000,,13.0
simu5g_00000520,5,4,19,1136.800000,,15.0
simu5g_00000520,5,4,20,1136.800000,,15.0
simu5g_00000520,5,4,21,1105.440000,,14.0
simu5g_00000520,5,4,22,1136.800000,,15.0
simu5g_00000520,5,4,23,1136.800000,,15.0
simu5g_00000520,5,4,24,1136.800000,,15.0
simu5g_00000520,6,5,0,947.520000,,14.0
simu5g_00000520,6,5,1,974.400000,,15.0
simu5g_00000520,6,5,2,947.520000,,14.0
simu5g_00000520,6,5,3,974.400000,,15.0
simu5g_00000520,6,5,4,947.520000,,14.0
simu5g_00000520,6,5,5,974.400000,,15.0
simu5g_00000520,6,5,6,826.560000,,13.0
simu5g_00000520,6,5,7,826.560000,,13.0
simu5g_00000520,6,5,8,974.400000,,15.0
simu5g_00000520,6,5,9,974.400000,,15.0
simu5g_00000520,6,5,10,974.400000,,15.0
simu5g_00000520,6,5,11,826.560000,,13.0
simu5g_00000520,6,5,12,510.720000,,9.0
simu5g_00000520,6,5,13,974.400000,,15.0
simu5g_00000520,6,5,14,947.520000,,14.0
simu5g_00000520,6,5,15,974.400000,,15.0
simu5g_00000520,6,5,16,947.520000,,14.0
simu5g_00000520,6,5,17,745.920000,,12.0
simu5g_00000520,6,5,18,947.520000,,14.0
simu5g_00000520,6,5,19,974.400000,,15.0
simu5g_00000520,6,5,20,974.400000,,15.0
simu5g_00000520,6,5,21,947.520000,,14.0
simu5g_00000520,6,5,22,974.400000,,15.0
simu5g_00000520,6,5,23,974.400000,,15.0
simu5g_00000520,6,5,24,947.520000,,14.0
simu5g_00000522,1,0,0,1160.000000,,15.0
simu5g_00000522,1,0,1,1160.000000,,15.0
simu5g_00000522,1,0,2,1160.000000,,15.0
simu5g_00000522,1,0,3,1160.000000,,15.0
simu5g_00000522,1,0,4,1160.000000,,15.0
simu5g_00000522,1,0,5,1160.000000,,15.0
simu5g_00000522,1,0,6,1160.000000,,15.0
simu5g_00000522,1,0,7,1160.000000,,15.0
simu5g_00000522,1,0,8,1160.000000,,15.0
simu5g_00000522,1,0,9,1160.000000,,15.0
simu5g_00000522,1,0,10,1160.000000,,15.0
simu5g_00000522,1,0,11,1160.000000,,15.0
simu5g_00000522,1,0,12,1160.000000,,15.0
simu5g_00000522,1,0,13,1160.000000,,15.0
simu5g_00000522,1,0,14,1160.000000,,15.0
simu5g_00000522,1,0,15,1160.000000,,15.0
simu5g_00000522,1,0,16,1160.000000,,15.0
simu5g_00000522,1,0,17,1160.000000,,15.0
simu5g_00000522,1,0,18,1160.000000,,15.0
simu5g_00000522,1,0,19,1160.000000,,15.0
simu5g_00000522,1,0,20,1160.000000,,15.0
simu5g_00000522,1,0,21,1160.000000,,15.0
simu5g_00000522,1,0,22,1160.000000,,15.0
simu5g_00000522,1,0,23,1128.000000,,14.0
simu5g_00000522,1,0,24,1160.000000,,15.0
simu5g_00000522,2,1,0,366.080000,,10.0
simu5g_00000522,2,1,1,316.160000,,9.0
simu5g_00000522,2,1,2,274.560000,,8.0
simu5g_00000522,2,1,3,511.680000,,13.0
simu5g_00000522,2,1,4,316.160000,,9.0
simu5g_00000522,2,1,5,316.160000,,9.0
simu5g_00000522,2,1,6,158.080000,,5.0
simu5g_00000522,2,1,7,274.560000,,8.0
simu5g_00000522,2,1,8,461.760000,,12.0
simu5g_00000522,2,1,9,274.560000,,8.0
simu5g_00000522,2,1,10,191.360000,,6.0
simu5g_00000522,2,1,11,366.080000,,10.0
simu5g_00000522,2,1,12,316.160000,,9.0
simu5g_00000522,2,1,13,316.160000,,9.0
simu5g_00000522,2,1,14,224.640000,,7.0
simu5g_00000522,2,1,15,461.760000,,12.0
simu5g_00000522,2,1,16,461.760000,,12.0
simu5g_00000522,2,1,17,274.560000,,8.0
simu5g_00000522,2,1,18,191.360000,,6.0
simu5g_00000522,2,1,19,316.160000,,9.0
simu5g_00000522,2,1,20,366.080000,,10.0
simu5g_00000522,2,1,21,158.080000,,5.0
simu5g_00000522,2,1,22,366.080000,,10.0
simu5g_00000522,2,1,23,316.160000,,9.0
simu5g_00000522,2,1,24,224.640000,,7.0
simu5g_00000522,3,2,0,1160.000000,,15.0
simu5g_00000522,3,2,1,1160.000000,,15.0
simu5g_00000522,3,2,2,1160.000000,,15.0
simu5g_00000522,3,2,3,1160.000000,,15.0
simu5g_00000522,3,2,4,1160.000000,,15.0
simu5g_00000522,3,2,5,1160.000000,,15.0
simu5g_00000522,3,2,6,1160.000000,,15.0
simu5g_00000522,3,2,7,1128.000000,,14.0
simu5g_00000522,3,2,8,1160.000000,,15.0
simu5g_00000522,3,2,9,1160.000000,,15.0
simu5g_00000522,3,2,10,1160.000000,,15.0
simu5g_00000522,3,2,11,1128.000000,,14.0
simu5g_00000522,3,2,12,1160.000000,,15.0
simu5g_00000522,3,2,13,1160.000000,,15.0
simu5g_00000522,3,2,14,1160.000000,,15.0
simu5g_00000522,3,2,15,1160.000000,,15.0
simu5g_00000522,3,2,16,1160.000000,,15.0
simu5g_00000522,3,2,17,1160.000000,,15.0
simu5g_00000522,3,2,18,1160.000000,,15.0
simu5g_00000522,3,2,19,1160.000000,,15.0
simu5g_00000522,3,2,20,1160.000000,,15.0
simu5g_00000522,3,2,21,1160.000000,,15.0
simu5g_00000522,3,2,22,1160.000000,,15.0
simu5g_00000522,3,2,23,1160.000000,,15.0
simu5g_00000522,3,2,24,1160.000000,,15.0
simu5g_00000522,4,3,0,1090.400000,,15.0
simu5g_00000522,4,3,1,834.720000,,12.0
simu5g_00000522,4,3,2,924.960000,,13.0
simu5g_00000522,4,3,3,1090.400000,,15.0
simu5g_00000522,4,3,4,1060.320000,,14.0
simu5g_00000522,4,3,5,1090.400000,,15.0
simu5g_00000522,4,3,6,1090.400000,,15.0
simu5g_00000522,4,3,7,1060.320000,,14.0
simu5g_00000522,4,3,8,1090.400000,,15.0
simu5g_00000522,4,3,9,406.080000,,7.0
simu5g_00000522,4,3,10,924.960000,,13.0
simu5g_00000522,4,3,11,1060.320000,,14.0
simu5g_00000522,4,3,12,759.520000,,11.0
simu5g_00000522,4,3,13,1090.400000,,15.0
simu5g_00000522,4,3,14,1060.320000,,14.0
simu5g_00000522,4,3,15,924.960000,,13.0
simu5g_00000522,4,3,16,924.960000,,13.0
simu5g_00000522,4,3,17,1090.400000,,15.0
simu5g_00000522,4,3,18,661.760000,,10.0
simu5g_00000522,4,3,19,1060.320000,,14.0
simu5g_00000522,4,3,20,1060.320000,,14.0
simu5g_00000522,4,3,21,52.640000,,2.0
simu5g_00000522,4,3,22,1060.320000,,14.0
simu5g_00000522,4,3,23,571.520000,,9.0
simu5g_00000522,4,3,24,834.720000,,12.0
simu5g_00000522,5,4,0,1078.800000,,15.0
simu5g_00000522,5,4,1,1078.800000,,15.0
simu5g_00000522,5,4,2,1078.800000,,15.0
simu5g_00000522,5,4,3,1078.800000,,15.0
simu5g_00000522,5,4,4,1078.800000,,15.0
simu5g_00000522,5,4,5,1049.040000,,14.0
simu5g_00000522,5,4,6,1078.800000,,15.0
simu5g_00000522,5,4,7,1078.800000,,15.0
simu5g_00000522,5,4,8,1078.800000,,15.0
simu5g_00000522,5,4,9,1078.800000,,15.0
simu5g_00000522,5,4,10,1078.800000,,15.0
simu5g_00000522,5,4,11,1078.800000,,15.0
simu5g_00000522,5,4,12,1078.800000,,15.0
simu5g_00000522,5,4,13,1078.800000,,15.0
simu5g_00000522,5,4,14,1078.800000,,15.0
simu5g_00000522,5,4,15,1078.800000,,15.0
simu5g_00000522,5,4,16,1078.800000,,15.0
simu5g_00000522,5,4,17,1078.800000,,15.0
simu5g_00000522,5,4,18,915.120000,,13.0
simu5g_00000522,5,4,19,1078.800000,,15.0
simu5g_00000522,5,4,20,1078.800000,,15.0
simu5g_00000522,5,4,21,1049.040000,,14.0
simu5g_00000522,5,4,22,1078.800000,,15.0
simu5g_00000522,5,4,23,1078.800000,,15.0
simu5g_00000522,5,4,24,1078.800000,,15.0
simu5g_00000522,6,5,0,789.600000,,14.0
simu5g_00000522,6,5,1,812.000000,,15.0
simu5g_00000522,6,5,2,789.600000,,14.0
simu5g_00000522,6,5,3,812.000000,,15.0
simu5g_00000522,6,5,4,789.600000,,14.0
simu5g_00000522,6,5,5,812.000000,,15.0
simu5g_00000522,6,5,6,688.800000,,13.0
simu5g_00000522,6,5,7,688.800000,,13.0
simu5g_00000522,6,5,8,812.000000,,15.0
simu5g_00000522,6,5,9,812.000000,,15.0
simu5g_00000522,6,5,10,812.000000,,15.0
simu5g_00000522,6,5,11,688.800000,,13.0
simu5g_00000522,6,5,12,425.600000,,9.0
simu5g_00000522,6,5,13,812.000000,,15.0
simu5g_00000522,6,5,14,789.600000,,14.0
simu5g_00000522,6,5,15,812.000000,,15.0
simu5g_00000522,6,5,16,789.600000,,14.0
simu5g_00000522,6,5,17,621.600000,,12.0
simu5g_00000522,6,5,18,789.600000,,14.0
simu5g_00000522,6,5,19,812.000000,,15.0
simu5g_00000522,6,5,20,812.000000,,15.0
simu5g_00000522,6,5,21,789.600000,,14.0
simu5g_00000522,6,5,22,812.000000,,15.0
simu5g_00000522,6,5,23,812.000000,,15.0
simu5g_00000522,6,5,24,789.600000,,14.0
simu5g_00000524,1,0,0,1160.000000,,15.0
simu5g_00000524,1,0,1,1160.000000,,15.0
simu5g_00000524,1,0,2,1160.000000,,15.0
simu5g_00000524,1,0,3,1160.000000,,15.0
simu5g_00000524,1,0,4,1160.000000,,15.0
simu5g_00000524,1,0,5,1160.000000,,15.0
simu5g_00000524,1,0,6,1160.000000,,15.0
simu5g_00000524,1,0,7,1160.000000,,15.0
simu5g_00000524,1,0,8,1160.000000,,15.0
simu5g_00000524,1,0,9,1160.000000,,15.0
simu5g_00000524,1,0,10,1160.000000,,15.0
simu5g_00000524,1,0,11,1160.000000,,15.0
simu5g_00000524,1,0,12,1160.000000,,15.0
simu5g_00000524,1,0,13,1160.000000,,15.0
simu5g_00000524,1,0,14,1160.000000,,15.0
simu5g_00000524,1,0,15,1160.000000,,15.0
simu5g_00000524,1,0,16,1160.000000,,15.0
simu5g_00000524,1,0,17,1160.000000,,15.0
simu5g_00000524,1,0,18,1160.000000,,15.0
simu5g_00000524,1,0,19,1160.000000,,15.0
simu5g_00000524,1,0,20,1160.000000,,15.0
simu5g_00000524,1,0,21,1160.000000,,15.0
simu5g_00000524,1,0,22,1160.000000,,15.0
simu5g_00000524,1,0,23,1128.000000,,14.0
simu5g_00000524,1,0,24,1160.000000,,15.0
simu5g_00000524,2,1,0,366.080000,,10.0
simu5g_00000524,2,1,1,316.160000,,9.0
simu5g_00000524,2,1,2,274.560000,,8.0
simu5g_00000524,2,1,3,511.680000,,13.0
simu5g_00000524,2,1,4,316.160000,,9.0
simu5g_00000524,2,1,5,316.160000,,9.0
simu5g_00000524,2,1,6,158.080000,,5.0
simu5g_00000524,2,1,7,274.560000,,8.0
simu5g_00000524,2,1,8,461.760000,,12.0
simu5g_00000524,2,1,9,274.560000,,8.0
simu5g_00000524,2,1,10,191.360000,,6.0
simu5g_00000524,2,1,11,366.080000,,10.0
simu5g_00000524,2,1,12,316.160000,,9.0
simu5g_00000524,2,1,13,316.160000,,9.0
simu5g_00000524,2,1,14,224.640000,,7.0
simu5g_00000524,2,1,15,461.760000,,12.0
simu5g_00000524,2,1,16,461.760000,,12.0
simu5g_00000524,2,1,17,274.560000,,8.0
simu5g_00000524,2,1,18,191.360000,,6.0
simu5g_00000524,2,1,19,316.160000,,9.0
simu5g_00000524,2,1,20,366.080000,,10.0
simu5g_00000524,2,1,21,158.080000,,5.0
simu5g_00000524,2,1,22,366.080000,,10.0
simu5g_00000524,2,1,23,316.160000,,9.0
simu5g_00000524,2,1,24,224.640000,,7.0
simu5g_00000524,3,2,0,1160.000000,,15.0
simu5g_00000524,3,2,1,1160.000000,,15.0
simu5g_00000524,3,2,2,1160.000000,,15.0
simu5g_00000524,3,2,3,1160.000000,,15.0
simu5g_00000524,3,2,4,1160.000000,,15.0
simu5g_00000524,3,2,5,1160.000000,,15.0
simu5g_00000524,3,2,6,1160.000000,,15.0
simu5g_00000524,3,2,7,1128.000000,,14.0
simu5g_00000524,3,2,8,1160.000000,,15.0
simu5g_00000524,3,2,9,1160.000000,,15.0
simu5g_00000524,3,2,10,1160.000000,,15.0
simu5g_00000524,3,2,11,1128.000000,,14.0
simu5g_00000524,3,2,12,1160.000000,,15.0
simu5g_00000524,3,2,13,1160.000000,,15.0
simu5g_00000524,3,2,14,1160.000000,,15.0
simu5g_00000524,3,2,15,1160.000000,,15.0
simu5g_00000524,3,2,16,1160.000000,,15.0
simu5g_00000524,3,2,17,1160.000000,,15.0
simu5g_00000524,3,2,18,1160.000000,,15.0
simu5g_00000524,3,2,19,1160.000000,,15.0
simu5g_00000524,3,2,20,1160.000000,,15.0
simu5g_00000524,3,2,21,1160.000000,,15.0
simu5g_00000524,3,2,22,1160.000000,,15.0
simu5g_00000524,3,2,23,1160.000000,,15.0
simu5g_00000524,3,2,24,1160.000000,,15.0
simu5g_00000524,4,3,0,1090.400000,,15.0
simu5g_00000524,4,3,1,834.720000,,12.0
simu5g_00000524,4,3,2,924.960000,,13.0
simu5g_00000524,4,3,3,1090.400000,,15.0
simu5g_00000524,4,3,4,1060.320000,,14.0
simu5g_00000524,4,3,5,1090.400000,,15.0
simu5g_00000524,4,3,6,1090.400000,,15.0
simu5g_00000524,4,3,7,1060.320000,,14.0
simu5g_00000524,4,3,8,1090.400000,,15.0
simu5g_00000524,4,3,9,406.080000,,7.0
simu5g_00000524,4,3,10,924.960000,,13.0
simu5g_00000524,4,3,11,1060.320000,,14.0
simu5g_00000524,4,3,12,759.520000,,11.0
simu5g_00000524,4,3,13,1090.400000,,15.0
simu5g_00000524,4,3,14,1060.320000,,14.0
simu5g_00000524,4,3,15,924.960000,,13.0
simu5g_00000524,4,3,16,924.960000,,13.0
simu5g_00000524,4,3,17,1090.400000,,15.0
simu5g_00000524,4,3,18,661.760000,,10.0
simu5g_00000524,4,3,19,1060.320000,,14.0
simu5g_00000524,4,3,20,1060.320000,,14.0
simu5g_00000524,4,3,21,52.640000,,2.0
simu5g_00000524,4,3,22,1060.320000,,14.0
simu5g_00000524,4,3,23,571.520000,,9.0
simu5g_00000524,4,3,24,834.720000,,12.0
simu5g_00000524,5,4,0,1078.800000,,15.0
simu5g_00000524,5,4,1,1078.800000,,15.0
simu5g_00000524,5,4,2,1078.800000,,15.0
simu5g_00000524,5,4,3,1078.800000,,15.0
simu5g_00000524,5,4,4,1078.800000,,15.0
simu5g_00000524,5,4,5,1049.040000,,14.0
simu5g_00000524,5,4,6,1078.800000,,15.0
simu5g_00000524,5,4,7,1078.800000,,15.0
simu5g_00000524,5,4,8,1078.800000,,15.0
simu5g_00000524,5,4,9,1078.800000,,15.0
simu5g_00000524,5,4,10,1078.800000,,15.0
simu5g_00000524,5,4,11,1078.800000,,15.0
simu5g_00000524,5,4,12,1078.800000,,15.0
simu5g_00000524,5,4,13,1078.800000,,15.0
simu5g_00000524,5,4,14,1078.800000,,15.0
simu5g_00000524,5,4,15,1078.800000,,15.0
simu5g_00000524,5,4,16,1078.800000,,15.0
simu5g_00000524,5,4,17,1078.800000,,15.0
simu5g_00000524,5,4,18,1049.040000,,14.0
simu5g_00000524,5,4,19,1078.800000,,15.0
simu5g_00000524,5,4,20,1078.800000,,15.0
simu5g_00000524,5,4,21,1078.800000,,15.0
simu5g_00000524,5,4,22,1078.800000,,15.0
simu5g_00000524,5,4,23,1078.800000,,15.0
simu5g_00000524,5,4,24,1078.800000,,15.0
simu5g_00000524,6,5,0,789.600000,,14.0
simu5g_00000524,6,5,1,812.000000,,15.0
simu5g_00000524,6,5,2,789.600000,,14.0
simu5g_00000524,6,5,3,812.000000,,15.0
simu5g_00000524,6,5,4,789.600000,,14.0
simu5g_00000524,6,5,5,812.000000,,15.0
simu5g_00000524,6,5,6,688.800000,,13.0
simu5g_00000524,6,5,7,688.800000,,13.0
simu5g_00000524,6,5,8,812.000000,,15.0
simu5g_00000524,6,5,9,812.000000,,15.0
simu5g_00000524,6,5,10,812.000000,,15.0
simu5g_00000524,6,5,11,688.800000,,13.0
simu5g_00000524,6,5,12,425.600000,,9.0
simu5g_00000524,6,5,13,812.000000,,15.0
simu5g_00000524,6,5,14,789.600000,,14.0
simu5g_00000524,6,5,15,812.000000,,15.0
simu5g_00000524,6,5,16,789.600000,,14.0
simu5g_00000524,6,5,17,621.600000,,12.0
simu5g_00000524,6,5,18,789.600000,,14.0
simu5g_00000524,6,5,19,812.000000,,15.0
simu5g_00000524,6,5,20,812.000000,,15.0
simu5g_00000524,6,5,21,789.600000,,14.0
simu5g_00000524,6,5,22,812.000000,,15.0
simu5g_00000524,6,5,23,812.000000,,15.0
simu5g_00000524,6,5,24,789.600000,,14.0
simu5g_00000526,1,0,0,1160.000000,,15.0
simu5g_00000526,1,0,1,1160.000000,,15.0
simu5g_00000526,1,0,2,1160.000000,,15.0
simu5g_00000526,1,0,3,1160.000000,,15.0
simu5g_00000526,1,0,4,1160.000000,,15.0
simu5g_00000526,1,0,5,1160.000000,,15.0
simu5g_00000526,1,0,6,1160.000000,,15.0
simu5g_00000526,1,0,7,1160.000000,,15.0
simu5g_00000526,1,0,8,1160.000000,,15.0
simu5g_00000526,1,0,9,1160.000000,,15.0
simu5g_00000526,1,0,10,1160.000000,,15.0
simu5g_00000526,1,0,11,1160.000000,,15.0
simu5g_00000526,1,0,12,1160.000000,,15.0
simu5g_00000526,1,0,13,1160.000000,,15.0
simu5g_00000526,1,0,14,1160.000000,,15.0
simu5g_00000526,1,0,15,1160.000000,,15.0
simu5g_00000526,1,0,16,1160.000000,,15.0
simu5g_00000526,1,0,17,1160.000000,,15.0
simu5g_00000526,1,0,18,1160.000000,,15.0
simu5g_00000526,1,0,19,1160.000000,,15.0
simu5g_00000526,1,0,20,1160.000000,,15.0
simu5g_00000526,1,0,21,1160.000000,,15.0
simu5g_00000526,1,0,22,1160.000000,,15.0
simu5g_00000526,1,0,23,984.000000,,13.0
simu5g_00000526,1,0,24,1160.000000,,15.0
simu5g_00000526,2,1,0,366.080000,,10.0
simu5g_00000526,2,1,1,316.160000,,9.0
simu5g_00000526,2,1,2,274.560000,,8.0
simu5g_00000526,2,1,3,511.680000,,13.0
simu5g_00000526,2,1,4,316.160000,,9.0
simu5g_00000526,2,1,5,316.160000,,9.0
simu5g_00000526,2,1,6,158.080000,,5.0
simu5g_00000526,2,1,7,274.560000,,8.0
simu5g_00000526,2,1,8,461.760000,,12.0
simu5g_00000526,2,1,9,274.560000,,8.0
simu5g_00000526,2,1,10,191.360000,,6.0
simu5g_00000526,2,1,11,366.080000,,10.0
simu5g_00000526,2,1,12,316.160000,,9.0
simu5g_00000526,2,1,13,316.160000,,9.0
simu5g_00000526,2,1,14,224.640000,,7.0
simu5g_00000526,2,1,15,461.760000,,12.0
simu5g_00000526,2,1,16,461.760000,,12.0
simu5g_00000526,2,1,17,274.560000,,8.0
simu5g_00000526,2,1,18,191.360000,,6.0
simu5g_00000526,2,1,19,316.160000,,9.0
simu5g_00000526,2,1,20,366.080000,,10.0
simu5g_00000526,2,1,21,158.080000,,5.0
simu5g_00000526,2,1,22,366.080000,,10.0
simu5g_00000526,2,1,23,316.160000,,9.0
simu5g_00000526,2,1,24,224.640000,,7.0
simu5g_00000526,3,2,0,1160.000000,,15.0
simu5g_00000526,3,2,1,1160.000000,,15.0
simu5g_00000526,3,2,2,1160.000000,,15.0
simu5g_00000526,3,2,3,1160.000000,,15.0
simu5g_00000526,3,2,4,1160.000000,,15.0
simu5g_00000526,3,2,5,1160.000000,,15.0
simu5g_00000526,3,2,6,1160.000000,,15.0
simu5g_00000526,3,2,7,1128.000000,,14.0
simu5g_00000526,3,2,8,1160.000000,,15.0
simu5g_00000526,3,2,9,1160.000000,,15.0
simu5g_00000526,3,2,10,1160.000000,,15.0
simu5g_00000526,3,2,11,1128.000000,,14.0
simu5g_00000526,3,2,12,1160.000000,,15.0
simu5g_00000526,3,2,13,1160.000000,,15.0
simu5g_00000526,3,2,14,1160.000000,,15.0
simu5g_00000526,3,2,15,1160.000000,,15.0
simu5g_00000526,3,2,16,1160.000000,,15.0
simu5g_00000526,3,2,17,1160.000000,,15.0
simu5g_00000526,3,2,18,1160.000000,,15.0
simu5g_00000526,3,2,19,1160.000000,,15.0
simu5g_00000526,3,2,20,1160.000000,,15.0
simu5g_00000526,3,2,21,1160.000000,,15.0
simu5g_00000526,3,2,22,1160.000000,,15.0
simu5g_00000526,3,2,23,1160.000000,,15.0
simu5g_00000526,3,2,24,1160.000000,,15.0
simu5g_00000526,4,3,0,1090.400000,,15.0
simu5g_00000526,4,3,1,834.720000,,12.0
simu5g_00000526,4,3,2,924.960000,,13.0
simu5g_00000526,4,3,3,1090.400000,,15.0
simu5g_00000526,4,3,4,1060.320000,,14.0
simu5g_00000526,4,3,5,1090.400000,,15.0
simu5g_00000526,4,3,6,1090.400000,,15.0
simu5g_00000526,4,3,7,1060.320000,,14.0
simu5g_00000526,4,3,8,1090.400000,,15.0
simu5g_00000526,4,3,9,406.080000,,7.0
simu5g_00000526,4,3,10,924.960000,,13.0
simu5g_00000526,4,3,11,1060.320000,,14.0
simu5g_00000526,4,3,12,759.520000,,11.0
simu5g_00000526,4,3,13,1090.400000,,15.0
simu5g_00000526,4,3,14,1060.320000,,14.0
simu5g_00000526,4,3,15,924.960000,,13.0
simu5g_00000526,4,3,16,924.960000,,13.0
simu5g_00000526,4,3,17,1090.400000,,15.0
simu5g_00000526,4,3,18,661.760000,,10.0
simu5g_00000526,4,3,19,1060.320000,,14.0
simu5g_00000526,4,3,20,1060.320000,,14.0
simu5g_00000526,4,3,21,52.640000,,2.0
simu5g_00000526,4,3,22,1060.320000,,14.0
simu5g_00000526,4,3,23,571.520000,,9.0
simu5g_00000526,4,3,24,834.720000,,12.0
simu5g_00000526,5,4,0,1078.800000,,15.0
simu5g_00000526,5,4,1,1078.800000,,15.0
simu5g_00000526,5,4,2,1078.800000,,15.0
simu5g_00000526,5,4,3,1078.800000,,15.0
simu5g_00000526,5,4,4,1078.800000,,15.0
simu5g_00000526,5,4,5,1049.040000,,14.0
simu5g_00000526,5,4,6,1078.800000,,15.0
simu5g_00000526,5,4,7,1078.800000,,15.0
simu5g_00000526,5,4,8,1078.800000,,15.0
simu5g_00000526,5,4,9,1078.800000,,15.0
simu5g_00000526,5,4,10,1078.800000,,15.0
simu5g_00000526,5,4,11,1078.800000,,15.0
simu5g_00000526,5,4,12,1078.800000,,15.0
simu5g_00000526,5,4,13,1078.800000,,15.0
simu5g_00000526,5,4,14,1078.800000,,15.0
simu5g_00000526,5,4,15,1078.800000,,15.0
simu5g_00000526,5,4,16,1078.800000,,15.0
simu5g_00000526,5,4,17,1078.800000,,15.0
simu5g_00000526,5,4,18,1049.040000,,14.0
simu5g_00000526,5,4,19,1078.800000,,15.0
simu5g_00000526,5,4,20,1078.800000,,15.0
simu5g_00000526,5,4,21,1078.800000,,15.0
simu5g_00000526,5,4,22,1078.800000,,15.0
simu5g_00000526,5,4,23,1078.800000,,15.0
simu5g_00000526,5,4,24,1078.800000,,15.0
simu5g_00000526,6,5,0,789.600000,,14.0
simu5g_00000526,6,5,1,812.000000,,15.0
simu5g_00000526,6,5,2,789.600000,,14.0
simu5g_00000526,6,5,3,812.000000,,15.0
simu5g_00000526,6,5,4,789.600000,,14.0
simu5g_00000526,6,5,5,812.000000,,15.0
simu5g_00000526,6,5,6,688.800000,,13.0
simu5g_00000526,6,5,7,688.800000,,13.0
simu5g_00000526,6,5,8,812.000000,,15.0
simu5g_00000526,6,5,9,812.000000,,15.0
simu5g_00000526,6,5,10,812.000000,,15.0
simu5g_00000526,6,5,11,688.800000,,13.0
simu5g_00000526,6,5,12,425.600000,,9.0
simu5g_00000526,6,5,13,812.000000,,15.0
simu5g_00000526,6,5,14,789.600000,,14.0
simu5g_00000526,6,5,15,812.000000,,15.0
simu5g_00000526,6,5,16,789.600000,,14.0
simu5g_00000526,6,5,17,621.600000,,12.0
simu5g_00000526,6,5,18,789.600000,,14.0
simu5g_00000526,6,5,19,812.000000,,15.0
simu5g_00000526,6,5,20,812.000000,,15.0
simu5g_00000526,6,5,21,789.600000,,14.0
simu5g_00000526,6,5,22,812.000000,,15.0
simu5g_00000526,6,5,23,812.000000,,15.0
simu5g_00000526,6,5,24,789.600000,,14.0
simu5g_00000528,1,0,0,1160.000000,,15.0
simu5g_00000528,1,0,1,1160.000000,,15.0
simu5g_00000528,1,0,2,1160.000000,,15.0
simu5g_00000528,1,0,3,1160.000000,,15.0
simu5g_00000528,1,0,4,1160.000000,,15.0
simu5g_00000528,1,0,5,1160.000000,,15.0
simu5g_00000528,1,0,6,1160.000000,,15.0
simu5g_00000528,1,0,7,1160.000000,,15.0
simu5g_00000528,1,0,8,1160.000000,,15.0
simu5g_00000528,1,0,9,1160.000000,,15.0
simu5g_00000528,1,0,10,1160.000000,,15.0
simu5g_00000528,1,0,11,1160.000000,,15.0
simu5g_00000528,1,0,12,1160.000000,,15.0
simu5g_00000528,1,0,13,1160.000000,,15.0
simu5g_00000528,1,0,14,1160.000000,,15.0
simu5g_00000528,1,0,15,1160.000000,,15.0
simu5g_00000528,1,0,16,1160.000000,,15.0
simu5g_00000528,1,0,17,1160.000000,,15.0
simu5g_00000528,1,0,18,1160.000000,,15.0
simu5g_00000528,1,0,19,1160.000000,,15.0
simu5g_00000528,1,0,20,1160.000000,,15.0
simu5g_00000528,1,0,21,1160.000000,,15.0
simu5g_00000528,1,0,22,1160.000000,,15.0
simu5g_00000528,1,0,23,984.000000,,13.0
simu5g_00000528,1,0,24,1160.000000,,15.0
simu5g_00000528,2,1,0,564.000000,,14.0
simu5g_00000528,2,1,1,564.000000,,14.0
simu5g_00000528,2,1,2,564.000000,,14.0
simu5g_00000528,2,1,3,580.000000,,15.0
simu5g_00000528,2,1,4,564.000000,,14.0
simu5g_00000528,2,1,5,564.000000,,14.0
simu5g_00000528,2,1,6,352.000000,,10.0
simu5g_00000528,2,1,7,492.000000,,13.0
simu5g_00000528,2,1,8,580.000000,,15.0
simu5g_00000528,2,1,9,564.000000,,14.0
simu5g_00000528,2,1,10,492.000000,,13.0
simu5g_00000528,2,1,11,564.000000,,14.0
simu5g_00000528,2,1,12,564.000000,,14.0
simu5g_00000528,2,1,13,564.000000,,14.0
simu5g_00000528,2,1,14,492.000000,,13.0
simu5g_00000528,2,1,15,580.000000,,15.0
simu5g_00000528,2,1,16,580.000000,,15.0
simu5g_00000528,2,1,17,564.000000,,14.0
simu5g_00000528,2,1,18,444.000000,,12.0
simu5g_00000528,2,1,19,564.000000,,14.0
simu5g_00000528,2,1,20,564.000000,,14.0
simu5g_00000528,2,1,21,352.000000,,10.0
simu5g_00000528,2,1,22,564.000000,,14.0
simu5g_00000528,2,1,23,564.000000,,14.0
simu5g_00000528,2,1,24,492.000000,,13.0
simu5g_00000528,3,2,0,1160.000000,,15.0
simu5g_00000528,3,2,1,1160.000000,,15.0
simu5g_00000528,3,2,2,1160.000000,,15.0
simu5g_00000528,3,2,3,1160.000000,,15.0
simu5g_00000528,3,2,4,1160.000000,,15.0
simu5g_00000528,3,2,5,1160.000000,,15.0
simu5g_00000528,3,2,6,1160.000000,,15.0
simu5g_00000528,3,2,7,1128.000000,,14.0
simu5g_00000528,3,2,8,1160.000000,,15.0
simu5g_00000528,3,2,9,1160.000000,,15.0
simu5g_00000528,3,2,10,1160.000000,,15.0
simu5g_00000528,3,2,11,1128.000000,,14.0
simu5g_00000528,3,2,12,1160.000000,,15.0
simu5g_00000528,3,2,13,1160.000000,,15.0
simu5g_00000528,3,2,14,1160.000000,,15.0
simu5g_00000528,3,2,15,1160.000000,,15.0
simu5g_00000528,3,2,16,1160.000000,,15.0
simu5g_00000528,3,2,17,1160.000000,,15.0
simu5g_00000528,3,2,18,1160.000000,,15.0
simu5g_00000528,3,2,19,1160.000000,,15.0
simu5g_00000528,3,2,20,1160.000000,,15.0
simu5g_00000528,3,2,21,1160.000000,,15.0
simu5g_00000528,3,2,22,1160.000000,,15.0
simu5g_00000528,3,2,23,1160.000000,,15.0
simu5g_00000528,3,2,24,1160.000000,,15.0
simu5g_00000528,4,3,0,1067.200000,,15.0
simu5g_00000528,4,3,1,816.960000,,12.0
simu5g_00000528,4,3,2,905.280000,,13.0
simu5g_00000528,4,3,3,1067.200000,,15.0
simu5g_00000528,4,3,4,1037.760000,,14.0
simu5g_00000528,4,3,5,1067.200000,,15.0
simu5g_00000528,4,3,6,1067.200000,,15.0
simu5g_00000528,4,3,7,1037.760000,,14.0
simu5g_00000528,4,3,8,1067.200000,,15.0
simu5g_00000528,4,3,9,397.440000,,7.0
simu5g_00000528,4,3,10,905.280000,,13.0
simu5g_00000528,4,3,11,1037.760000,,14.0
simu5g_00000528,4,3,12,743.360000,,11.0
simu5g_00000528,4,3,13,1067.200000,,15.0
simu5g_00000528,4,3,14,1037.760000,,14.0
simu5g_00000528,4,3,15,905.280000,,13.0
simu5g_00000528,4,3,16,905.280000,,13.0
simu5g_00000528,4,3,17,1067.200000,,15.0
simu5g_00000528,4,3,18,743.360000,,11.0
simu5g_00000528,4,3,19,1037.760000,,14.0
simu5g_00000528,4,3,20,1037.760000,,14.0
simu5g_00000528,4,3,21,51.520000,,2.0
simu5g_00000528,4,3,22,1037.760000,,14.0
simu5g_00000528,4,3,23,559.360000,,9.0
simu5g_00000528,4,3,24,816.960000,,12.0
simu5g_00000528,5,4,0,1055.600000,,15.0
simu5g_00000528,5,4,1,1055.600000,,15.0
simu5g_00000528,5,4,2,1055.600000,,15.0
simu5g_00000528,5,4,3,1055.600000,,15.0
simu5g_00000528,5,4,4,1055.600000,,15.0
simu5g_00000528,5,4,5,1026.480000,,14.0
simu5g_00000528,5,4,6,1055.600000,,15.0
simu5g_00000528,5,4,7,1055.600000,,15.0
simu5g_00000528,5,4,8,1055.600000,,15.0
simu5g_00000528,5,4,9,1055.600000,,15.0
simu5g_00000528,5,4,10,1055.600000,,15.0
simu5g_00000528,5,4,11,1055.600000,,15.0
simu5g_00000528,5,4,12,1055.600000,,15.0
simu5g_00000528,5,4,13,1055.600000,,15.0
simu5g_00000528,5,4,14,1055.600000,,15.0
simu5g_00000528,5,4,15,1055.600000,,15.0
simu5g_00000528,5,4,16,1055.600000,,15.0
simu5g_00000528,5,4,17,1055.600000,,15.0
simu5g_00000528,5,4,18,1026.480000,,14.0
simu5g_00000528,5,4,19,1055.600000,,15.0
simu5g_00000528,5,4,20,1055.600000,,15.0
simu5g_00000528,5,4,21,1055.600000,,15.0
simu5g_00000528,5,4,22,1055.600000,,15.0
simu5g_00000528,5,4,23,1055.600000,,15.0
simu5g_00000528,5,4,24,1055.600000,,15.0
simu5g_00000528,6,5,0,744.480000,,14.0
simu5g_00000528,6,5,1,765.600000,,15.0
simu5g_00000528,6,5,2,744.480000,,14.0
simu5g_00000528,6,5,3,765.600000,,15.0
simu5g_00000528,6,5,4,744.480000,,14.0
simu5g_00000528,6,5,5,765.600000,,15.0
simu5g_00000528,6,5,6,649.440000,,13.0
simu5g_00000528,6,5,7,649.440000,,13.0
simu5g_00000528,6,5,8,765.600000,,15.0
simu5g_00000528,6,5,9,765.600000,,15.0
simu5g_00000528,6,5,10,765.600000,,15.0
simu5g_00000528,6,5,11,649.440000,,13.0
simu5g_00000528,6,5,12,401.280000,,9.0
simu5g_00000528,6,5,13,765.600000,,15.0
simu5g_00000528,6,5,14,744.480000,,14.0
simu5g_00000528,6,5,15,765.600000,,15.0
simu5g_00000528,6,5,16,744.480000,,14.0
simu5g_00000528,6,5,17,586.080000,,12.0
simu5g_00000528,6,5,18,744.480000,,14.0
simu5g_00000528,6,5,19,765.600000,,15.0
simu5g_00000528,6,5,20,765.600000,,15.0
simu5g_00000528,6,5,21,744.480000,,14.0
simu5g_00000528,6,5,22,765.600000,,15.0
simu5g_00000528,6,5,23,765.600000,,15.0
simu5g_00000528,6,5,24,744.480000,,14.0
simu5g_00000530,1,0,0,1160.000000,,15.0
simu5g_00000530,1,0,1,1160.000000,,15.0
simu5g_00000530,1,0,2,1160.000000,,15.0
simu5g_00000530,1,0,3,1160.000000,,15.0
simu5g_00000530,1,0,4,1160.000000,,15.0
simu5g_00000530,1,0,5,1160.000000,,15.0
simu5g_00000530,1,0,6,1160.000000,,15.0
simu5g_00000530,1,0,7,1160.000000,,15.0
simu5g_00000530,1,0,8,1160.000000,,15.0
simu5g_00000530,1,0,9,1160.000000,,15.0
simu5g_00000530,1,0,10,1160.000000,,15.0
simu5g_00000530,1,0,11,1160.000000,,15.0
simu5g_00000530,1,0,12,1160.000000,,15.0
simu5g_00000530,1,0,13,1160.000000,,15.0
simu5g_00000530,1,0,14,1160.000000,,15.0
simu5g_00000530,1,0,15,1160.000000,,15.0
simu5g_00000530,1,0,16,1160.000000,,15.0
simu5g_00000530,1,0,17,1160.000000,,15.0
simu5g_00000530,1,0,18,1160.000000,,15.0
simu5g_00000530,1,0,19,1160.000000,,15.0
simu5g_00000530,1,0,20,1160.000000,,15.0
simu5g_00000530,1,0,21,1160.000000,,15.0
simu5g_00000530,1,0,22,1160.000000,,15.0
simu5g_00000530,1,0,23,984.000000,,13.0
simu5g_00000530,1,0,24,1160.000000,,15.0
simu5g_00000530,2,1,0,564.000000,,14.0
simu5g_00000530,2,1,1,564.000000,,14.0
simu5g_00000530,2,1,2,564.000000,,14.0
simu5g_00000530,2,1,3,580.000000,,15.0
simu5g_00000530,2,1,4,564.000000,,14.0
simu5g_00000530,2,1,5,564.000000,,14.0
simu5g_00000530,2,1,6,352.000000,,10.0
simu5g_00000530,2,1,7,492.000000,,13.0
simu5g_00000530,2,1,8,580.000000,,15.0
simu5g_00000530,2,1,9,564.000000,,14.0
simu5g_00000530,2,1,10,492.000000,,13.0
simu5g_00000530,2,1,11,564.000000,,14.0
simu5g_00000530,2,1,12,564.000000,,14.0
simu5g_00000530,2,1,13,564.000000,,14.0
simu5g_00000530,2,1,14,492.000000,,13.0
simu5g_00000530,2,1,15,580.000000,,15.0
simu5g_00000530,2,1,16,580.000000,,15.0
simu5g_00000530,2,1,17,564.000000,,14.0
simu5g_00000530,2,1,18,444.000000,,12.0
simu5g_00000530,2,1,19,564.000000,,14.0
simu5g_00000530,2,1,20,564.000000,,14.0
simu5g_00000530,2,1,21,352.000000,,10.0
simu5g_00000530,2,1,22,564.000000,,14.0
simu5g_00000530,2,1,23,564.000000,,14.0
simu5g_00000530,2,1,24,492.000000,,13.0
simu5g_00000530,3,2,0,1160.000000,,15.0
simu5g_00000530,3,2,1,1160.000000,,15.0
simu5g_00000530,3,2,2,1160.000000,,15.0
simu5g_00000530,3,2,3,1160.000000,,15.0
simu5g_00000530,3,2,4,1160.000000,,15.0
simu5g_00000530,3,2,5,1160.000000,,15.0
simu5g_00000530,3,2,6,1160.000000,,15.0
simu5g_00000530,3,2,7,1128.000000,,14.0
simu5g_00000530,3,2,8,1160.000000,,15.0
simu5g_00000530,3,2,9,1160.000000,,15.0
simu5g_00000530,3,2,10,1160.000000,,15.0
simu5g_00000530,3,2,11,1128.000000,,14.0
simu5g_00000530,3,2,12,1160.000000,,15.0
simu5g_00000530,3,2,13,1160.000000,,15.0
simu5g_00000530,3,2,14,1160.000000,,15.0
simu5g_00000530,3,2,15,1160.000000,,15.0
simu5g_00000530,3,2,16,1160.000000,,15.0
simu5g_00000530,3,2,17,1160.000000,,15.0
simu5g_00000530,3,2,18,1160.000000,,15.0
simu5g_00000530,3,2,19,1160.000000,,15.0
simu5g_00000530,3,2,20,1160.000000,,15.0
simu5g_00000530,3,2,21,1160.000000,,15.0
simu5g_00000530,3,2,22,1160.000000,,15.0
simu5g_00000530,3,2,23,1160.000000,,15.0
simu5g_00000530,3,2,24,1160.000000,,15.0
simu5g_00000530,4,3,0,1067.200000,,15.0
simu5g_00000530,4,3,1,816.960000,,12.0
simu5g_00000530,4,3,2,905.280000,,13.0
simu5g_00000530,4,3,3,1067.200000,,15.0
simu5g_00000530,4,3,4,1037.760000,,14.0
simu5g_00000530,4,3,5,1067.200000,,15.0
simu5g_00000530,4,3,6,1067.200000,,15.0
simu5g_00000530,4,3,7,1037.760000,,14.0
simu5g_00000530,4,3,8,1067.200000,,15.0
simu5g_00000530,4,3,9,397.440000,,7.0
simu5g_00000530,4,3,10,1037.760000,,14.0
simu5g_00000530,4,3,11,1037.760000,,14.0
simu5g_00000530,4,3,12,743.360000,,11.0
simu5g_00000530,4,3,13,1067.200000,,15.0
simu5g_00000530,4,3,14,1037.760000,,14.0
simu5g_00000530,4,3,15,905.280000,,13.0
simu5g_00000530,4,3,16,905.280000,,13.0
simu5g_00000530,4,3,17,1067.200000,,15.0
simu5g_00000530,4,3,18,743.360000,,11.0
simu5g_00000530,4,3,19,1037.760000,,14.0
simu5g_00000530,4,3,20,1037.760000,,14.0
simu5g_00000530,4,3,21,51.520000,,2.0
simu5g_00000530,4,3,22,1037.760000,,14.0
simu5g_00000530,4,3,23,559.360000,,9.0
simu5g_00000530,4,3,24,816.960000,,12.0
simu5g_00000530,5,4,0,1055.600000,,15.0
simu5g_00000530,5,4,1,1055.600000,,15.0
simu5g_00000530,5,4,2,1055.600000,,15.0
simu5g_00000530,5,4,3,1055.600000,,15.0
simu5g_00000530,5,4,4,1055.600000,,15.0
simu5g_00000530,5,4,5,1026.480000,,14.0
simu5g_00000530,5,4,6,1055.600000,,15.0
simu5g_00000530,5,4,7,1055.600000,,15.0
simu5g_00000530,5,4,8,1055.600000,,15.0
simu5g_00000530,5,4,9,1055.600000,,15.0
simu5g_00000530,5,4,10,1055.600000,,15.0
simu5g_00000530,5,4,11,1055.600000,,15.0
simu5g_00000530,5,4,12,1055.600000,,15.0
simu5g_00000530,5,4,13,1055.600000,,15.0
simu5g_00000530,5,4,14,1055.600000,,15.0
simu5g_00000530,5,4,15,1055.600000,,15.0
simu5g_00000530,5,4,16,1055.600000,,15.0
simu5g_00000530,5,4,17,1055.600000,,15.0
simu5g_00000530,5,4,18,1026.480000,,14.0
simu5g_00000530,5,4,19,1055.600000,,15.0
simu5g_00000530,5,4,20,1055.600000,,15.0
simu5g_00000530,5,4,21,1055.600000,,15.0
simu5g_00000530,5,4,22,1055.600000,,15.0
simu5g_00000530,5,4,23,1055.600000,,15.0
simu5g_00000530,5,4,24,1055.600000,,15.0
simu5g_00000530,6,5,0,744.480000,,14.0
simu5g_00000530,6,5,1,765.600000,,15.0
simu5g_00000530,6,5,2,744.480000,,14.0
simu5g_00000530,6,5,3,765.600000,,15.0
simu5g_00000530,6,5,4,744.480000,,14.0
simu5g_00000530,6,5,5,765.600000,,15.0
simu5g_00000530,6,5,6,649.440000,,13.0
simu5g_00000530,6,5,7,649.440000,,13.0
simu5g_00000530,6,5,8,765.600000,,15.0
simu5g_00000530,6,5,9,765.600000,,15.0
simu5g_00000530,6,5,10,765.600000,,15.0
simu5g_00000530,6,5,11,649.440000,,13.0
simu5g_00000530,6,5,12,401.280000,,9.0
simu5g_00000530,6,5,13,765.600000,,15.0
simu5g_00000530,6,5,14,744.480000,,14.0
simu5g_00000530,6,5,15,765.600000,,15.0
simu5g_00000530,6,5,16,744.480000,,14.0
simu5g_00000530,6,5,17,586.080000,,12.0
simu5g_00000530,6,5,18,744.480000,,14.0
simu5g_00000530,6,5,19,765.600000,,15.0
simu5g_00000530,6,5,20,765.600000,,15.0
simu5g_00000530,6,5,21,744.480000,,14.0
simu5g_00000530,6,5,22,765.600000,,15.0
simu5g_00000530,6,5,23,765.600000,,15.0
simu5g_00000530,6,5,24,744.480000,,14.0
simu5g_00000532,1,0,0,888.000000,,12.0
simu5g_00000532,1,0,1,984.000000,,13.0
simu5g_00000532,1,0,2,1160.000000,,15.0
simu5g_00000532,1,0,3,1128.000000,,14.0
simu5g_00000532,1,0,4,1128.000000,,14.0
simu5g_00000532,1,0,5,984.000000,,13.0
simu5g_00000532,1,0,6,1128.000000,,14.0
simu5g_00000532,1,0,7,1128.000000,,14.0
simu5g_00000532,1,0,8,984.000000,,13.0
simu5g_00000532,1,0,9,984.000000,,13.0
simu5g_00000532,1,0,10,1128.000000,,14.0
simu5g_00000532,1,0,11,1160.000000,,15.0
simu5g_00000532,1,0,12,888.000000,,12.0
simu5g_00000532,1,0,13,1128.000000,,14.0
simu5g_00000532,1,0,14,1128.000000,,14.0
simu5g_00000532,1,0,15,1128.000000,,14.0
simu5g_00000532,1,0,16,1160.000000,,15.0
simu5g_00000532,1,0,17,1160.000000,,15.0
simu5g_00000532,1,0,18,1128.000000,,14.0
simu5g_00000532,1,0,19,1128.000000,,14.0
simu5g_00000532,1,0,20,888.000000,,12.0
simu5g_00000532,1,0,21,1128.000000,,14.0
simu5g_00000532,1,0,22,1128.000000,,14.0
simu5g_00000532,1,0,23,608.000000,,9.0
simu5g_00000532,1,0,24,1160.000000,,15.0
simu5g_00000532,2,1,0,564.000000,,14.0
simu5g_00000532,2,1,1,564.000000,,14.0
simu5g_00000532,2,1,2,564.000000,,14.0
simu5g_00000532,2,1,3,580.000000,,15.0
simu5g_00000532,2,1,4,564.000000,,14.0
simu5g_00000532,2,1,5,564.000000,,14.0
simu5g_00000532,2,1,6,352.000000,,10.0
simu5g_00000532,2,1,7,492.000000,,13.0
simu5g_00000532,2,1,8,580.000000,,15.0
simu5g_00000532,2,1,9,564.000000,,14.0
simu5g_00000532,2,1,10,492.000000,,13.0
simu5g_00000532,2,1,11,564.000000,,14.0
simu5g_00000532,2,1,12,564.000000,,14.0
simu5g_00000532,2,1,13,564.000000,,14.0
simu5g_00000532,2,1,14,492.000000,,13.0
simu5g_00000532,2,1,15,580.000000,,15.0
simu5g_00000532,2,1,16,580.000000,,15.0
simu5g_00000532,2,1,17,564.000000,,14.0
simu5g_00000532,2,1,18,444.000000,,12.0
simu5g_00000532,2,1,19,564.000000,,14.0
simu5g_00000532,2,1,20,564.000000,,14.0
simu5g_00000532,2,1,21,352.000000,,10.0
simu5g_00000532,2,1,22,564.000000,,14.0
simu5g_00000532,2,1,23,564.000000,,14.0
simu5g_00000532,2,1,24,492.000000,,13.0
simu5g_00000532,3,2,0,1160.000000,,15.0
simu5g_00000532,3,2,1,1160.000000,,15.0
simu5g_00000532,3,2,2,1160.000000,,15.0
simu5g_00000532,3,2,3,1160.000000,,15.0
simu5g_00000532,3,2,4,1160.000000,,15.0
simu5g_00000532,3,2,5,1160.000000,,15.0
simu5g_00000532,3,2,6,1160.000000,,15.0
simu5g_00000532,3,2,7,1128.000000,,14.0
simu5g_00000532,3,2,8,1160.000000,,15.0
simu5g_00000532,3,2,9,1160.000000,,15.0
simu5g_00000532,3,2,10,1160.000000,,15.0
simu5g_00000532,3,2,11,1128.000000,,14.0
simu5g_00000532,3,2,12,1160.000000,,15.0
simu5g_00000532,3,2,13,1160.000000,,15.0
simu5g_00000532,3,2,14,1160.000000,,15.0
simu5g_00000532,3,2,15,1160.000000,,15.0
simu5g_00000532,3,2,16,1160.000000,,15.0
simu5g_00000532,3,2,17,1160.000000,,15.0
simu5g_00000532,3,2,18,1160.000000,,15.0
simu5g_00000532,3,2,19,1160.000000,,15.0
simu5g_00000532,3,2,20,1160.000000,,15.0
simu5g_00000532,3,2,21,1160.000000,,15.0
simu5g_00000532,3,2,22,1160.000000,,15.0
simu5g_00000532,3,2,23,1160.000000,,15.0
simu5g_00000532,3,2,24,1160.000000,,15.0
simu5g_00000532,4,3,0,1067.200000,,15.0
simu5g_00000532,4,3,1,1037.760000,,14.0
simu5g_00000532,4,3,2,1067.200000,,15.0
simu5g_00000532,4,3,3,1067.200000,,15.0
simu5g_00000532,4,3,4,1067.200000,,15.0
simu5g_00000532,4,3,5,1067.200000,,15.0
simu5g_00000532,4,3,6,1067.200000,,15.0
simu5g_00000532,4,3,7,1067.200000,,15.0
simu5g_00000532,4,3,8,1067.200000,,15.0
simu5g_00000532,4,3,9,647.680000,,10.0
simu5g_00000532,4,3,10,1067.200000,,15.0
simu5g_00000532,4,3,11,1067.200000,,15.0
simu5g_00000532,4,3,12,905.280000,,13.0
simu5g_00000532,4,3,13,1067.200000,,15.0
simu5g_00000532,4,3,14,1067.200000,,15.0
simu5g_00000532,4,3,15,1037.760000,,14.0
simu5g_00000532,4,3,16,1067.200000,,15.0
simu5g_00000532,4,3,17,1067.200000,,15.0
simu5g_00000532,4,3,18,905.280000,,13.0
simu5g_00000532,4,3,19,1067.200000,,15.0
simu5g_00000532,4,3,20,1067.200000,,15.0
simu5g_00000532,4,3,21,206.080000,,4.0
simu5g_00000532,4,3,22,1067.200000,,15.0
simu5g_00000532,4,3,23,905.280000,,13.0
simu5g_00000532,4,3,24,1037.760000,,14.0
simu5g_00000532,5,4,0,1055.600000,,15.0
simu5g_00000532,5,4,1,1055.600000,,15.0
simu5g_00000532,5,4,2,1055.600000,,15.0
simu5g_00000532,5,4,3,1055.600000,,15.0
simu5g_00000532,5,4,4,1055.600000,,15.0
simu5g_00000532,5,4,5,1026.480000,,14.0
simu5g_00000532,5,4,6,1055.600000,,15.0
simu5g_00000532,5,4,7,1055.600000,,15.0
simu5g_00000532,5,4,8,1055.600000,,15.0
simu5g_00000532,5,4,9,1055.600000,,15.0
simu5g_00000532,5,4,10,1055.600000,,15.0
simu5g_00000532,5,4,11,1055.600000,,15.0
simu5g_00000532,5,4,12,1055.600000,,15.0
simu5g_00000532,5,4,13,1055.600000,,15.0
simu5g_00000532,5,4,14,1055.600000,,15.0
simu5g_00000532,5,4,15,1055.600000,,15.0
simu5g_00000532,5,4,16,1055.600000,,15.0
simu5g_00000532,5,4,17,1055.600000,,15.0
simu5g_00000532,5,4,18,1026.480000,,14.0
simu5g_00000532,5,4,19,1055.600000,,15.0
simu5g_00000532,5,4,20,1055.600000,,15.0
simu5g_00000532,5,4,21,1055.600000,,15.0
simu5g_00000532,5,4,22,1055.600000,,15.0
simu5g_00000532,5,4,23,1055.600000,,15.0
simu5g_00000532,5,4,24,1055.600000,,15.0
simu5g_00000532,6,5,0,744.480000,,14.0
simu5g_00000532,6,5,1,765.600000,,15.0
simu5g_00000532,6,5,2,744.480000,,14.0
simu5g_00000532,6,5,3,765.600000,,15.0
simu5g_00000532,6,5,4,744.480000,,14.0
simu5g_00000532,6,5,5,765.600000,,15.0
simu5g_00000532,6,5,6,649.440000,,13.0
simu5g_00000532,6,5,7,649.440000,,13.0
simu5g_00000532,6,5,8,765.600000,,15.0
simu5g_00000532,6,5,9,765.600000,,15.0
simu5g_00000532,6,5,10,765.600000,,15.0
simu5g_00000532,6,5,11,649.440000,,13.0
simu5g_00000532,6,5,12,401.280000,,9.0
simu5g_00000532,6,5,13,765.600000,,15.0
simu5g_00000532,6,5,14,744.480000,,14.0
simu5g_00000532,6,5,15,765.600000,,15.0
simu5g_00000532,6,5,16,744.480000,,14.0
simu5g_00000532,6,5,17,586.080000,,12.0
simu5g_00000532,6,5,18,744.480000,,14.0
simu5g_00000532,6,5,19,765.600000,,15.0
simu5g_00000532,6,5,20,765.600000,,15.0
simu5g_00000532,6,5,21,744.480000,,14.0
simu5g_00000532,6,5,22,765.600000,,15.0
simu5g_00000532,6,5,23,765.600000,,15.0
simu5g_00000532,6,5,24,744.480000,,14.0
simu5g_00000534,1,0,0,888.000000,,12.0
simu5g_00000534,1,0,1,984.000000,,13.0
simu5g_00000534,1,0,2,1160.000000,,15.0
simu5g_00000534,1,0,3,1128.000000,,14.0
simu5g_00000534,1,0,4,1128.000000,,14.0
simu5g_00000534,1,0,5,984.000000,,13.0
simu5g_00000534,1,0,6,1128.000000,,14.0
simu5g_00000534,1,0,7,1128.000000,,14.0
simu5g_00000534,1,0,8,984.000000,,13.0
simu5g_00000534,1,0,9,984.000000,,13.0
simu5g_00000534,1,0,10,1128.000000,,14.0
simu5g_00000534,1,0,11,1160.000000,,15.0
simu5g_00000534,1,0,12,888.000000,,12.0
simu5g_00000534,1,0,13,1128.000000,,14.0
simu5g_00000534,1,0,14,1128.000000,,14.0
simu5g_00000534,1,0,15,1128.000000,,14.0
simu5g_00000534,1,0,16,1160.000000,,15.0
simu5g_00000534,1,0,17,1160.000000,,15.0
simu5g_00000534,1,0,18,1128.000000,,14.0
simu5g_00000534,1,0,19,1128.000000,,14.0
simu5g_00000534,1,0,20,888.000000,,12.0
simu5g_00000534,1,0,21,1128.000000,,14.0
simu5g_00000534,1,0,22,1128.000000,,14.0
simu5g_00000534,1,0,23,608.000000,,9.0
simu5g_00000534,1,0,24,1160.000000,,15.0
simu5g_00000534,2,1,0,580.000000,,15.0
simu5g_00000534,2,1,1,580.000000,,15.0
simu5g_00000534,2,1,2,580.000000,,15.0
simu5g_00000534,2,1,3,580.000000,,15.0
simu5g_00000534,2,1,4,580.000000,,15.0
simu5g_00000534,2,1,5,580.000000,,15.0
simu5g_00000534,2,1,6,580.000000,,15.0
simu5g_00000534,2,1,7,580.000000,,15.0
simu5g_00000534,2,1,8,580.000000,,15.0
simu5g_00000534,2,1,9,580.000000,,15.0
simu5g_00000534,2,1,10,580.000000,,15.0
simu5g_00000534,2,1,11,580.000000,,15.0
simu5g_00000534,2,1,12,580.000000,,15.0
simu5g_00000534,2,1,13,580.000000,,15.0
simu5g_00000534,2,1,14,580.000000,,15.0
simu5g_00000534,2,1,15,580.000000,,15.0
simu5g_00000534,2,1,16,580.000000,,15.0
simu5g_00000534,2,1,17,580.000000,,15.0
simu5g_00000534,2,1,18,580.000000,,15.0
simu5g_00000534,2,1,19,580.000000,,15.0
simu5g_00000534,2,1,20,580.000000,,15.0
simu5g_00000534,2,1,21,580.000000,,15.0
simu5g_00000534,2,1,22,580.000000,,15.0
simu5g_00000534,2,1,23,580.000000,,15.0
simu5g_00000534,2,1,24,580.000000,,15.0
simu5g_00000534,3,2,0,1160.000000,,15.0
simu5g_00000534,3,2,1,1160.000000,,15.0
simu5g_00000534,3,2,2,1160.000000,,15.0
simu5g_00000534,3,2,3,1160.000000,,15.0
simu5g_00000534,3,2,4,1160.000000,,15.0
simu5g_00000534,3,2,5,1160.000000,,15.0
simu5g_00000534,3,2,6,1160.000000,,15.0
simu5g_00000534,3,2,7,1128.000000,,14.0
simu5g_00000534,3,2,8,1160.000000,,15.0
simu5g_00000534,3,2,9,1160.000000,,15.0
simu5g_00000534,3,2,10,1160.000000,,15.0
simu5g_00000534,3,2,11,1128.000000,,14.0
simu5g_00000534,3,2,12,1160.000000,,15.0
simu5g_00000534,3,2,13,1160.000000,,15.0
simu5g_00000534,3,2,14,1160.000000,,15.0
simu5g_00000534,3,2,15,1160.000000,,15.0
simu5g_00000534,3,2,16,1160.000000,,15.0
simu5g_00000534,3,2,17,1160.000000,,15.0
simu5g_00000534,3,2,18,1160.000000,,15.0
simu5g_00000534,3,2,19,1160.000000,,15.0
simu5g_00000534,3,2,20,1160.000000,,15.0
simu5g_00000534,3,2,21,1160.000000,,15.0
simu5g_00000534,3,2,22,1160.000000,,15.0
simu5g_00000534,3,2,23,1160.000000,,15.0
simu5g_00000534,3,2,24,1160.000000,,15.0
simu5g_00000534,4,3,0,1067.200000,,15.0
simu5g_00000534,4,3,1,1037.760000,,14.0
simu5g_00000534,4,3,2,1067.200000,,15.0
simu5g_00000534,4,3,3,1067.200000,,15.0
simu5g_00000534,4,3,4,1067.200000,,15.0
simu5g_00000534,4,3,5,1067.200000,,15.0
simu5g_00000534,4,3,6,1067.200000,,15.0
simu5g_00000534,4,3,7,1067.200000,,15.0
simu5g_00000534,4,3,8,1067.200000,,15.0
simu5g_00000534,4,3,9,647.680000,,10.0
simu5g_00000534,4,3,10,1067.200000,,15.0
simu5g_00000534,4,3,11,1067.200000,,15.0
simu5g_00000534,4,3,12,905.280000,,13.0
simu5g_00000534,4,3,13,1067.200000,,15.0
simu5g_00000534,4,3,14,1067.200000,,15.0
simu5g_00000534,4,3,15,1037.760000,,14.0
simu5g_00000534,4,3,16,1067.200000,,15.0
simu5g_00000534,4,3,17,1067.200000,,15.0
simu5g_00000534,4,3,18,905.280000,,13.0
simu5g_00000534,4,3,19,1067.200000,,15.0
simu5g_00000534,4,3,20,1067.200000,,15.0
simu5g_00000534,4,3,21,206.080000,,4.0
simu5g_00000534,4,3,22,1067.200000,,15.0
simu5g_00000534,4,3,23,905.280000,,13.0
simu5g_00000534,4,3,24,1037.760000,,14.0
simu5g_00000534,5,4,0,1055.600000,,15.0
simu5g_00000534,5,4,1,1055.600000,,15.0
simu5g_00000534,5,4,2,1055.600000,,15.0
simu5g_00000534,5,4,3,1055.600000,,15.0
simu5g_00000534,5,4,4,1055.600000,,15.0
simu5g_00000534,5,4,5,1026.480000,,14.0
simu5g_00000534,5,4,6,1055.600000,,15.0
simu5g_00000534,5,4,7,1055.600000,,15.0
simu5g_00000534,5,4,8,1055.600000,,15.0
simu5g_00000534,5,4,9,1055.600000,,15.0
simu5g_00000534,5,4,10,1055.600000,,15.0
simu5g_00000534,5,4,11,1055.600000,,15.0
simu5g_00000534,5,4,12,1055.600000,,15.0
simu5g_00000534,5,4,13,1055.600000,,15.0
simu5g_00000534,5,4,14,1055.600000,,15.0
simu5g_00000534,5,4,15,1055.600000,,15.0
simu5g_00000534,5,4,16,1055.600000,,15.0
simu5g_00000534,5,4,17,1055.600000,,15.0
simu5g_00000534,5,4,18,1026.480000,,14.0
simu5g_00000534,5,4,19,1055.600000,,15.0
simu5g_00000534,5,4,20,1055.600000,,15.0
simu5g_00000534,5,4,21,1055.600000,,15.0
simu5g_00000534,5,4,22,1055.600000,,15.0
simu5g_00000534,5,4,23,1055.600000,,15.0
simu5g_00000534,5,4,24,1055.600000,,15.0
simu5g_00000534,6,5,0,744.480000,,14.0
simu5g_00000534,6,5,1,765.600000,,15.0
simu5g_00000534,6,5,2,744.480000,,14.0
simu5g_00000534,6,5,3,765.600000,,15.0
simu5g_00000534,6,5,4,744.480000,,14.0
simu5g_00000534,6,5,5,765.600000,,15.0
simu5g_00000534,6,5,6,649.440000,,13.0
simu5g_00000534,6,5,7,649.440000,,13.0
simu5g_00000534,6,5,8,765.600000,,15.0
simu5g_00000534,6,5,9,765.600000,,15.0
simu5g_00000534,6,5,10,765.600000,,15.0
simu5g_00000534,6,5,11,649.440000,,13.0
simu5g_00000534,6,5,12,401.280000,,9.0
simu5g_00000534,6,5,13,765.600000,,15.0
simu5g_00000534,6,5,14,744.480000,,14.0
simu5g_00000534,6,5,15,765.600000,,15.0
simu5g_00000534,6,5,16,744.480000,,14.0
simu5g_00000534,6,5,17,586.080000,,12.0
simu5g_00000534,6,5,18,744.480000,,14.0
simu5g_00000534,6,5,19,765.600000,,15.0
simu5g_00000534,6,5,20,765.600000,,15.0
simu5g_00000534,6,5,21,744.480000,,14.0
simu5g_00000534,6,5,22,765.600000,,15.0
simu5g_00000534,6,5,23,765.600000,,15.0
simu5g_00000534,6,5,24,744.480000,,14.0
simu5g_00000536,1,0,0,888.000000,,12.0
simu5g_00000536,1,0,1,984.000000,,13.0
simu5g_00000536,1,0,2,1160.000000,,15.0
simu5g_00000536,1,0,3,1128.000000,,14.0
simu5g_00000536,1,0,4,1128.000000,,14.0
simu5g_00000536,1,0,5,984.000000,,13.0
simu5g_00000536,1,0,6,1128.000000,,14.0
simu5g_00000536,1,0,7,1128.000000,,14.0
simu5g_00000536,1,0,8,984.000000,,13.0
simu5g_00000536,1,0,9,984.000000,,13.0
simu5g_00000536,1,0,10,1128.000000,,14.0
simu5g_00000536,1,0,11,1160.000000,,15.0
simu5g_00000536,1,0,12,888.000000,,12.0
simu5g_00000536,1,0,13,1128.000000,,14.0
simu5g_00000536,1,0,14,1128.000000,,14.0
simu5g_00000536,1,0,15,1128.000000,,14.0
simu5g_00000536,1,0,16,1160.000000,,15.0
simu5g_00000536,1,0,17,1160.000000,,15.0
simu5g_00000536,1,0,18,1128.000000,,14.0
simu5g_00000536,1,0,19,1128.000000,,14.0
simu5g_00000536,1,0,20,888.000000,,12.0
simu5g_00000536,1,0,21,1128.000000,,14.0
simu5g_00000536,1,0,22,1128.000000,,14.0
simu5g_00000536,1,0,23,608.000000,,9.0
simu5g_00000536,1,0,24,1160.000000,,15.0
simu5g_00000536,2,1,0,603.200000,,15.0
simu5g_00000536,2,1,1,603.200000,,15.0
simu5g_00000536,2,1,2,603.200000,,15.0
simu5g_00000536,2,1,3,603.200000,,15.0
simu5g_00000536,2,1,4,603.200000,,15.0
simu5g_00000536,2,1,5,603.200000,,15.0
simu5g_00000536,2,1,6,603.200000,,15.0
simu5g_00000536,2,1,7,603.200000,,15.0
simu5g_00000536,2,1,8,603.200000,,15.0
simu5g_00000536,2,1,9,603.200000,,15.0
simu5g_00000536,2,1,10,603.200000,,15.0
simu5g_00000536,2,1,11,603.200000,,15.0
simu5g_00000536,2,1,12,603.200000,,15.0
simu5g_00000536,2,1,13,603.200000,,15.0
simu5g_00000536,2,1,14,603.200000,,15.0
simu5g_00000536,2,1,15,603.200000,,15.0
simu5g_00000536,2,1,16,603.200000,,15.0
simu5g_00000536,2,1,17,603.200000,,15.0
simu5g_00000536,2,1,18,603.200000,,15.0
simu5g_00000536,2,1,19,603.200000,,15.0
simu5g_00000536,2,1,20,603.200000,,15.0
simu5g_00000536,2,1,21,603.200000,,15.0
simu5g_00000536,2,1,22,603.200000,,15.0
simu5g_00000536,2,1,23,603.200000,,15.0
simu5g_00000536,2,1,24,603.200000,,15.0
simu5g_00000536,3,2,0,1160.000000,,15.0
simu5g_00000536,3,2,1,1160.000000,,15.0
simu5g_00000536,3,2,2,1160.000000,,15.0
simu5g_00000536,3,2,3,1160.000000,,15.0
simu5g_00000536,3,2,4,1160.000000,,15.0
simu5g_00000536,3,2,5,1160.000000,,15.0
simu5g_00000536,3,2,6,1160.000000,,15.0
simu5g_00000536,3,2,7,1128.000000,,14.0
simu5g_00000536,3,2,8,1160.000000,,15.0
simu5g_00000536,3,2,9,1160.000000,,15.0
simu5g_00000536,3,2,10,1160.000000,,15.0
simu5g_00000536,3,2,11,1128.000000,,14.0
simu5g_00000536,3,2,12,1160.000000,,15.0
simu5g_00000536,3,2,13,1160.000000,,15.0
simu5g_00000536,3,2,14,1160.000000,,15.0
simu5g_00000536,3,2,15,1160.000000,,15.0
simu5g_00000536,3,2,16,1160.000000,,15.0
simu5g_00000536,3,2,17,1160.000000,,15.0
simu5g_00000536,3,2,18,1160.000000,,15.0
simu5g_00000536,3,2,19,1160.000000,,15.0
simu5g_00000536,3,2,20,1160.000000,,15.0
simu5g_00000536,3,2,21,1160.000000,,15.0
simu5g_00000536,3,2,22,1160.000000,,15.0
simu5g_00000536,3,2,23,1160.000000,,15.0
simu5g_00000536,3,2,24,1160.000000,,15.0
simu5g_00000536,4,3,0,1090.400000,,15.0
simu5g_00000536,4,3,1,1060.320000,,14.0
simu5g_00000536,4,3,2,1090.400000,,15.0
simu5g_00000536,4,3,3,1090.400000,,15.0
simu5g_00000536,4,3,4,1090.400000,,15.0
simu5g_00000536,4,3,5,1090.400000,,15.0
simu5g_00000536,4,3,6,1090.400000,,15.0
simu5g_00000536,4,3,7,1090.400000,,15.0
simu5g_00000536,4,3,8,1090.400000,,15.0
simu5g_00000536,4,3,9,661.760000,,10.0
simu5g_00000536,4,3,10,1090.400000,,15.0
simu5g_00000536,4,3,11,1090.400000,,15.0
simu5g_00000536,4,3,12,924.960000,,13.0
simu5g_00000536,4,3,13,1090.400000,,15.0
simu5g_00000536,4,3,14,1090.400000,,15.0
simu5g_00000536,4,3,15,1060.320000,,14.0
simu5g_00000536,4,3,16,1090.400000,,15.0
simu5g_00000536,4,3,17,1090.400000,,15.0
simu5g_00000536,4,3,18,924.960000,,13.0
simu5g_00000536,4,3,19,1090.400000,,15.0
simu5g_00000536,4,3,20,1090.400000,,15.0
simu5g_00000536,4,3,21,210.560000,,4.0
simu5g_00000536,4,3,22,1090.400000,,15.0
simu5g_00000536,4,3,23,924.960000,,13.0
simu5g_00000536,4,3,24,1060.320000,,14.0
simu5g_00000536,5,4,0,1090.400000,,15.0
simu5g_00000536,5,4,1,1090.400000,,15.0
simu5g_00000536,5,4,2,1090.400000,,15.0
simu5g_00000536,5,4,3,1090.400000,,15.0
simu5g_00000536,5,4,4,1090.400000,,15.0
simu5g_00000536,5,4,5,1060.320000,,14.0
simu5g_00000536,5,4,6,1090.400000,,15.0
simu5g_00000536,5,4,7,1090.400000,,15.0
simu5g_00000536,5,4,8,1090.400000,,15.0
simu5g_00000536,5,4,9,1090.400000,,15.0
simu5g_00000536,5,4,10,1090.400000,,15.0
simu5g_00000536,5,4,11,1090.400000,,15.0
simu5g_00000536,5,4,12,1090.400000,,15.0
simu5g_00000536,5,4,13,1090.400000,,15.0
simu5g_00000536,5,4,14,1090.400000,,15.0
simu5g_00000536,5,4,15,1090.400000,,15.0
simu5g_00000536,5,4,16,1090.400000,,15.0
simu5g_00000536,5,4,17,1090.400000,,15.0
simu5g_00000536,5,4,18,1060.320000,,14.0
simu5g_00000536,5,4,19,1090.400000,,15.0
simu5g_00000536,5,4,20,1090.400000,,15.0
simu5g_00000536,5,4,21,1090.400000,,15.0
simu5g_00000536,5,4,22,1090.400000,,15.0
simu5g_00000536,5,4,23,1090.400000,,15.0
simu5g_00000536,5,4,24,1090.400000,,15.0
simu5g_00000536,6,5,0,767.040000,,14.0
simu5g_00000536,6,5,1,788.800000,,15.0
simu5g_00000536,6,5,2,767.040000,,14.0
simu5g_00000536,6,5,3,788.800000,,15.0
simu5g_00000536,6,5,4,767.040000,,14.0
simu5g_00000536,6,5,5,788.800000,,15.0
simu5g_00000536,6,5,6,669.120000,,13.0
simu5g_00000536,6,5,7,669.120000,,13.0
simu5g_00000536,6,5,8,788.800000,,15.0
simu5g_00000536,6,5,9,788.800000,,15.0
simu5g_00000536,6,5,10,788.800000,,15.0
simu5g_00000536,6,5,11,669.120000,,13.0
simu5g_00000536,6,5,12,413.440000,,9.0
simu5g_00000536,6,5,13,788.800000,,15.0
simu5g_00000536,6,5,14,767.040000,,14.0
simu5g_00000536,6,5,15,788.800000,,15.0
simu5g_00000536,6,5,16,767.040000,,14.0
simu5g_00000536,6,5,17,603.840000,,12.0
simu5g_00000536,6,5,18,767.040000,,14.0
simu5g_00000536,6,5,19,788.800000,,15.0
simu5g_00000536,6,5,20,788.800000,,15.0
simu5g_00000536,6,5,21,767.040000,,14.0
simu5g_00000536,6,5,22,788.800000,,15.0
simu5g_00000536,6,5,23,788.800000,,15.0
simu5g_00000536,6,5,24,767.040000,,14.0
simu5g_00000538,1,0,0,984.000000,,13.0
simu5g_00000538,1,0,1,1128.000000,,14.0
simu5g_00000538,1,0,2,1160.000000,,15.0
simu5g_00000538,1,0,3,1160.000000,,15.0
simu5g_00000538,1,0,4,1160.000000,,15.0
simu5g_00000538,1,0,5,1128.000000,,14.0
simu5g_00000538,1,0,6,1160.000000,,15.0
simu5g_00000538,1,0,7,1160.000000,,15.0
simu5g_00000538,1,0,8,1128.000000,,14.0
simu5g_00000538,1,0,9,1128.000000,,14.0
simu5g_00000538,1,0,10,1160.000000,,15.0
simu5g_00000538,1,0,11,1160.000000,,15.0
simu5g_00000538,1,0,12,984.000000,,13.0
simu5g_00000538,1,0,13,1160.000000,,15.0
simu5g_00000538,1,0,14,1160.000000,,15.0
simu5g_00000538,1,0,15,1160.000000,,15.0
simu5g_00000538,1,0,16,1160.000000,,15.0
simu5g_00000538,1,0,17,1160.000000,,15.0
simu5g_00000538,1,0,18,1160.000000,,15.0
simu5g_00000538,1,0,19,1160.000000,,15.0
simu5g_00000538,1,0,20,984.000000,,13.0
simu5g_00000538,1,0,21,1160.000000,,15.0
simu5g_00000538,1,0,22,1128.000000,,14.0
simu5g_00000538,1,0,23,808.000000,,11.0
simu5g_00000538,1,0,24,1160.000000,,15.0
simu5g_00000538,2,1,0,603.200000,,15.0
simu5g_00000538,2,1,1,603.200000,,15.0
simu5g_00000538,2,1,2,603.200000,,15.0
simu5g_00000538,2,1,3,603.200000,,15.0
simu5g_00000538,2,1,4,603.200000,,15.0
simu5g_00000538,2,1,5,603.200000,,15.0
simu5g_00000538,2,1,6,603.200000,,15.0
simu5g_00000538,2,1,7,603.200000,,15.0
simu5g_00000538,2,1,8,603.200000,,15.0
simu5g_00000538,2,1,9,603.200000,,15.0
simu5g_00000538,2,1,10,603.200000,,15.0
simu5g_00000538,2,1,11,603.200000,,15.0
simu5g_00000538,2,1,12,603.200000,,15.0
simu5g_00000538,2,1,13,603.200000,,15.0
simu5g_00000538,2,1,14,603.200000,,15.0
simu5g_00000538,2,1,15,603.200000,,15.0
simu5g_00000538,2,1,16,603.200000,,15.0
simu5g_00000538,2,1,17,603.200000,,15.0
simu5g_00000538,2,1,18,603.200000,,15.0
simu5g_00000538,2,1,19,603.200000,,15.0
simu5g_00000538,2,1,20,603.200000,,15.0
simu5g_00000538,2,1,21,603.200000,,15.0
simu5g_00000538,2,1,22,603.200000,,15.0
simu5g_00000538,2,1,23,603.200000,,15.0
simu5g_00000538,2,1,24,603.200000,,15.0
simu5g_00000538,3,2,0,1160.000000,,15.0
simu5g_00000538,3,2,1,1128.000000,,14.0
simu5g_00000538,3,2,2,1160.000000,,15.0
simu5g_00000538,3,2,3,1160.000000,,15.0
simu5g_00000538,3,2,4,1160.000000,,15.0
simu5g_00000538,3,2,5,1128.000000,,14.0
simu5g_00000538,3,2,6,1160.000000,,15.0
simu5g_00000538,3,2,7,984.000000,,13.0
simu5g_00000538,3,2,8,1160.000000,,15.0
simu5g_00000538,3,2,9,1160.000000,,15.0
simu5g_00000538,3,2,10,1160.000000,,15.0
simu5g_00000538,3,2,11,984.000000,,13.0
simu5g_00000538,3,2,12,1160.000000,,15.0
simu5g_00000538,3,2,13,1160.000000,,15.0
simu5g_00000538,3,2,14,1160.000000,,15.0
simu5g_00000538,3,2,15,1160.000000,,15.0
simu5g_00000538,3,2,16,1128.000000,,14.0
simu5g_00000538,3,2,17,1128.000000,,14.0
simu5g_00000538,3,2,18,1160.000000,,15.0
simu5g_00000538,3,2,19,1128.000000,,14.0
simu5g_00000538,3,2,20,1160.000000,,15.0
simu5g_00000538,3,2,21,1160.000000,,15.0
simu5g_00000538,3,2,22,1128.000000,,14.0
simu5g_00000538,3,2,23,1160.000000,,15.0
simu5g_00000538,3,2,24,1160.000000,,15.0
simu5g_00000538,4,3,0,1090.400000,,15.0
simu5g_00000538,4,3,1,1060.320000,,14.0
simu5g_00000538,4,3,2,1090.400000,,15.0
simu5g_00000538,4,3,3,1090.400000,,15.0
simu5g_00000538,4,3,4,1090.400000,,15.0
simu5g_00000538,4,3,5,1090.400000,,15.0
simu5g_00000538,4,3,6,1090.400000,,15.0
simu5g_00000538,4,3,7,1090.400000,,15.0
simu5g_00000538,4,3,8,1090.400000,,15.0
simu5g_00000538,4,3,9,661.760000,,10.0
simu5g_00000538,4,3,10,1090.400000,,15.0
simu5g_00000538,4,3,11,1090.400000,,15.0
simu5g_00000538,4,3,12,924.960000,,13.0
simu5g_00000538,4,3,13,1090.400000,,15.0
simu5g_00000538,4,3,14,1090.400000,,15.0
simu5g_00000538,4,3,15,1060.320000,,14.0
simu5g_00000538,4,3,16,1090.400000,,15.0
simu5g_00000538,4,3,17,1090.400000,,15.0
simu5g_00000538,4,3,18,924.960000,,13.0
simu5g_00000538,4,3,19,1090.400000,,15.0
simu5g_00000538,4,3,20,1090.400000,,15.0
simu5g_00000538,4,3,21,210.560000,,4.0
simu5g_00000538,4,3,22,1090.400000,,15.0
simu5g_00000538,4,3,23,924.960000,,13.0
simu5g_00000538,4,3,24,1060.320000,,14.0
simu5g_00000538,5,4,0,1090.400000,,15.0
simu5g_00000538,5,4,1,1090.400000,,15.0
simu5g_00000538,5,4,2,1090.400000,,15.0
simu5g_00000538,5,4,3,1090.400000,,15.0
simu5g_00000538,5,4,4,1090.400000,,15.0
simu5g_00000538,5,4,5,1060.320000,,14.0
simu5g_00000538,5,4,6,1090.400000,,15.0
simu5g_00000538,5,4,7,1090.400000,,15.0
simu5g_00000538,5,4,8,1090.400000,,15.0
simu5g_00000538,5,4,9,1090.400000,,15.0
simu5g_00000538,5,4,10,1090.400000,,15.0
simu5g_00000538,5,4,11,1090.400000,,15.0
simu5g_00000538,5,4,12,1090.400000,,15.0
simu5g_00000538,5,4,13,1090.400000,,15.0
simu5g_00000538,5,4,14,1090.400000,,15.0
simu5g_00000538,5,4,15,1090.400000,,15.0
simu5g_00000538,5,4,16,1090.400000,,15.0
simu5g_00000538,5,4,17,1090.400000,,15.0
simu5g_00000538,5,4,18,1060.320000,,14.0
simu5g_00000538,5,4,19,1090.400000,,15.0
simu5g_00000538,5,4,20,1090.400000,,15.0
simu5g_00000538,5,4,21,1090.400000,,15.0
simu5g_00000538,5,4,22,1090.400000,,15.0
simu5g_00000538,5,4,23,1090.400000,,15.0
simu5g_00000538,5,4,24,1090.400000,,15.0
simu5g_00000538,6,5,0,767.040000,,14.0
simu5g_00000538,6,5,1,788.800000,,15.0
simu5g_00000538,6,5,2,767.040000,,14.0
simu5g_00000538,6,5,3,788.800000,,15.0
simu5g_00000538,6,5,4,767.040000,,14.0
simu5g_00000538,6,5,5,788.800000,,15.0
simu5g_00000538,6,5,6,669.120000,,13.0
simu5g_00000538,6,5,7,669.120000,,13.0
simu5g_00000538,6,5,8,788.800000,,15.0
simu5g_00000538,6,5,9,788.800000,,15.0
simu5g_00000538,6,5,10,788.800000,,15.0
simu5g_00000538,6,5,11,669.120000,,13.0
simu5g_00000538,6,5,12,413.440000,,9.0
simu5g_00000538,6,5,13,788.800000,,15.0
simu5g_00000538,6,5,14,767.040000,,14.0
simu5g_00000538,6,5,15,788.800000,,15.0
simu5g_00000538,6,5,16,767.040000,,14.0
simu5g_00000538,6,5,17,603.840000,,12.0
simu5g_00000538,6,5,18,767.040000,,14.0
simu5g_00000538,6,5,19,788.800000,,15.0
simu5g_00000538,6,5,20,788.800000,,15.0
simu5g_00000538,6,5,21,767.040000,,14.0
simu5g_00000538,6,5,22,788.800000,,15.0
simu5g_00000538,6,5,23,788.800000,,15.0
simu5g_00000538,6,5,24,767.040000,,14.0
simu5g_00000596,3,0,0,1160.0,,15.0
simu5g_00000596,3,0,1,1128.0,,14.0
simu5g_00000596,3,0,2,1160.0,,15.0
simu5g_00000596,3,0,3,1160.0,,15.0
simu5g_00000596,3,0,4,1160.0,,15.0
simu5g_00000596,3,0,5,1128.0,,14.0
simu5g_00000596,3,0,6,1160.0,,15.0
simu5g_00000596,3,0,7,984.0,,13.0
simu5g_00000596,3,0,8,1160.0,,15.0
simu5g_00000596,3,0,9,1128.0,,14.0
simu5g_00000596,3,0,10,1160.0,,15.0
simu5g_00000596,3,0,11,984.0,,13.0
simu5g_00000596,3,0,12,1160.0,,15.0
simu5g_00000596,3,0,13,1160.0,,15.0
simu5g_00000596,3,0,14,1160.0,,15.0
simu5g_00000596,3,0,15,1160.0,,15.0
simu5g_00000596,3,0,16,1128.0,,14.0
simu5g_00000596,3,0,17,1128.0,,14.0
simu5g_00000596,3,0,18,1160.0,,15.0
simu5g_00000596,3,0,19,984.0,,13.0
simu5g_00000596,3,0,20,1128.0,,14.0
simu5g_00000596,3,0,21,1160.0,,15.0
simu5g_00000596,3,0,22,1128.0,,14.0
simu5g_00000596,3,0,23,1160.0,,15.0
simu5g_00000596,3,0,24,1160.0,,15.0
simu5g_00000596,31,1,0,984.0,,13.0
simu5g_00000596,31,1,1,888.0,,12.0
simu5g_00000596,31,1,2,1160.0,,15.0
simu5g_00000596,31,1,3,1128.0,,14.0
simu5g_00000596,31,1,4,1160.0,,15.0
simu5g_00000596,31,1,5,1128.0,,14.0
simu5g_00000596,31,1,6,1160.0,,15.0
simu5g_00000596,31,1,7,1128.0,,14.0
simu5g_00000596,31,1,8,1160.0,,15.0
simu5g_00000596,31,1,9,1160.0,,15.0
simu5g_00000596,31,1,10,1128.0,,14.0
simu5g_00000596,31,1,11,984.0,,13.0
simu5g_00000596,31,1,12,528.0,,8.0
simu5g_00000596,31,1,13,1128.0,,14.0
simu5g_00000596,31,1,14,1160.0,,15.0
simu5g_00000596,31,1,15,1160.0,,15.0
simu5g_00000596,31,1,16,984.0,,13.0
simu5g_00000596,31,1,17,1160.0,,15.0
simu5g_00000596,31,1,18,1160.0,,15.0
simu5g_00000596,31,1,19,984.0,,13.0
simu5g_00000596,31,1,20,984.0,,13.0
simu5g_00000596,31,1,21,1128.0,,14.0
simu5g_00000596,31,1,22,1128.0,,14.0
simu5g_00000596,31,1,23,1160.0,,15.0
simu5g_00000596,31,1,24,1160.0,,15.0
simu5g_00000596,4,2,0,888.0,,12.0
simu5g_00000596,4,2,1,368.0,,6.0
simu5g_00000596,4,2,2,608.0,,9.0
simu5g_00000596,4,2,3,984.0,,13.0
simu5g_00000596,4,2,4,704.0,,10.0
simu5g_00000596,4,2,5,888.0,,12.0
simu5g_00000596,4,2,6,984.0,,13.0
simu5g_00000596,4,2,7,608.0,,9.0
simu5g_00000596,4,2,8,984.0,,13.0
simu5g_00000596,4,2,9,136.0,,3.0
simu5g_00000596,4,2,10,608.0,,9.0
simu5g_00000596,4,2,11,704.0,,10.0
simu5g_00000596,4,2,12,368.0,,6.0
simu5g_00000596,4,2,13,888.0,,12.0
simu5g_00000596,4,2,14,808.0,,11.0
simu5g_00000596,4,2,15,432.0,,7.0
simu5g_00000596,4,2,16,608.0,,9.0
simu5g_00000596,4,2,17,984.0,,13.0
simu5g_00000596,4,2,18,304.0,,5.0
simu5g_00000596,4,2,19,608.0,,9.0
simu5g_00000596,4,2,20,704.0,,10.0
simu5g_00000596,4,2,21,56.0,,2.0
simu5g_00000596,4,2,22,808.0,,11.0
simu5g_00000596,4,2,23,304.0,,5.0
simu5g_00000596,4,2,24,368.0,,6.0
simu5g_00000596,5,3,0,808.0,,11.0
simu5g_00000596,5,3,1,984.0,,13.0
simu5g_00000596,5,3,2,808.0,,11.0
simu5g_00000596,5,3,3,808.0,,11.0
simu5g_00000596,5,3,4,808.0,,11.0
simu5g_00000596,5,3,5,528.0,,8.0
simu5g_00000596,5,3,6,888.0,,12.0
simu5g_00000596,5,3,7,888.0,,12.0
simu5g_00000596,5,3,8,808.0,,11.0
simu5g_00000596,5,3,9,704.0,,10.0
simu5g_00000596,5,3,10,984.0,,13.0
simu5g_00000596,5,3,11,888.0,,12.0
simu5g_00000596,5,3,12,984.0,,13.0
simu5g_00000596,5,3,13,984.0,,13.0
simu5g_00000596,5,3,14,984.0,,13.0
simu5g_00000596,5,3,15,888.0,,12.0
simu5g_00000596,5,3,16,984.0,,13.0
simu5g_00000596,5,3,17,1128.0,,14.0
simu5g_00000596,5,3,18,368.0,,6.0
simu5g_00000596,5,3,19,888.0,,12.0
simu5g_00000596,5,3,20,984.0,,13.0
simu5g_00000596,5,3,21,608.0,,9.0
simu5g_00000596,5,3,22,984.0,,13.0
simu5g_00000596,5,3,23,984.0,,13.0
simu5g_00000596,5,3,24,1128.0,,14.0
simu5g_00000596,6,4,0,984.0,,13.0
simu5g_00000596,6,4,1,1128.0,,14.0
simu5g_00000596,6,4,2,984.0,,13.0
simu5g_00000596,6,4,3,1160.0,,15.0
simu5g_00000596,6,4,4,1128.0,,14.0
simu5g_00000596,6,4,5,1128.0,,14.0
simu5g_00000596,6,4,6,704.0,,10.0
simu5g_00000596,6,4,7,808.0,,11.0
simu5g_00000596,6,4,8,1128.0,,14.0
simu5g_00000596,6,4,9,1128.0,,14.0
simu5g_00000596,6,4,10,1128.0,,14.0
simu5g_00000596,6,4,11,808.0,,11.0
simu5g_00000596,6,4,12,528.0,,8.0
simu5g_00000596,6,4,13,1128.0,,14.0
simu5g_00000596,6,4,14,984.0,,13.0
simu5g_00000596,6,4,15,1128.0,,14.0
simu5g_00000596,6,4,16,1128.0,,14.0
simu5g_00000596,6,4,17,704.0,,10.0
simu5g_00000596,6,4,18,984.0,,13.0
simu5g_00000596,6,4,19,1128.0,,14.0
simu5g_00000596,6,4,20,1128.0,,14.0
simu5g_00000596,6,4,21,984.0,,13.0
simu5g_00000596,6,4,22,1128.0,,14.0
simu5g_00000596,6,4,23,1128.0,,14.0
simu5g_00000596,6,4,24,984.0,,13.0
simu5g_00000598,3,0,0,1160.0,,15.0
simu5g_00000598,3,0,1,1128.0,,14.0
simu5g_00000598,3,0,2,1160.0,,15.0
simu5g_00000598,3,0,3,1160.0,,15.0
simu5g_00000598,3,0,4,1160.0,,15.0
simu5g_00000598,3,0,5,1128.0,,14.0
simu5g_00000598,3,0,6,1160.0,,15.0
simu5g_00000598,3,0,7,984.0,,13.0
simu5g_00000598,3,0,8,1160.0,,15.0
simu5g_00000598,3,0,9,1128.0,,14.0
simu5g_00000598,3,0,10,1160.0,,15.0
simu5g_00000598,3,0,11,984.0,,13.0
simu5g_00000598,3,0,12,1160.0,,15.0
simu5g_00000598,3,0,13,1160.0,,15.0
simu5g_00000598,3,0,14,1160.0,,15.0
simu5g_00000598,3,0,15,1160.0,,15.0
simu5g_00000598,3,0,16,1128.0,,14.0
simu5g_00000598,3,0,17,1128.0,,14.0
simu5g_00000598,3,0,18,1160.0,,15.0
simu5g_00000598,3,0,19,984.0,,13.0
simu5g_00000598,3,0,20,1128.0,,14.0
simu5g_00000598,3,0,21,1160.0,,15.0
simu5g_00000598,3,0,22,1128.0,,14.0
simu5g_00000598,3,0,23,1160.0,,15.0
simu5g_00000598,3,0,24,1160.0,,15.0
simu5g_00000598,31,1,0,888.0,,12.0
simu5g_00000598,31,1,1,808.0,,11.0
simu5g_00000598,31,1,2,1128.0,,14.0
simu5g_00000598,31,1,3,1128.0,,14.0
simu5g_00000598,31,1,4,1128.0,,14.0
simu5g_00000598,31,1,5,984.0,,13.0
simu5g_00000598,31,1,6,1128.0,,14.0
simu5g_00000598,31,1,7,984.0,,13.0
simu5g_00000598,31,1,8,1160.0,,15.0
simu5g_00000598,31,1,9,1160.0,,15.0
simu5g_00000598,31,1,10,1128.0,,14.0
simu5g_00000598,31,1,11,984.0,,13.0
simu5g_00000598,31,1,12,432.0,,7.0
simu5g_00000598,31,1,13,1128.0,,14.0
simu5g_00000598,31,1,14,1160.0,,15.0
simu5g_00000598,31,1,15,1160.0,,15.0
simu5g_00000598,31,1,16,984.0,,13.0
simu5g_00000598,31,1,17,1160.0,,15.0
simu5g_00000598,31,1,18,1160.0,,15.0
simu5g_00000598,31,1,19,984.0,,13.0
simu5g_00000598,31,1,20,888.0,,12.0
simu5g_00000598,31,1,21,1128.0,,14.0
simu5g_00000598,31,1,22,984.0,,13.0
simu5g_00000598,31,1,23,1160.0,,15.0
simu5g_00000598,31,1,24,1160.0,,15.0
simu5g_00000598,4,2,0,888.0,,12.0
simu5g_00000598,4,2,1,368.0,,6.0
simu5g_00000598,4,2,2,608.0,,9.0
simu5g_00000598,4,2,3,984.0,,13.0
simu5g_00000598,4,2,4,704.0,,10.0
simu5g_00000598,4,2,5,888.0,,12.0
simu5g_00000598,4,2,6,984.0,,13.0
simu5g_00000598,4,2,7,608.0,,9.0
simu5g_00000598,4,2,8,984.0,,13.0
simu5g_00000598,4,2,9,136.0,,3.0
simu5g_00000598,4,2,10,608.0,,9.0
simu5g_00000598,4,2,11,704.0,,10.0
simu5g_00000598,4,2,12,368.0,,6.0
simu5g_00000598,4,2,13,888.0,,12.0
simu5g_00000598,4,2,14,808.0,,11.0
simu5g_00000598,4,2,15,432.0,,7.0
simu5g_00000598,4,2,16,608.0,,9.0
simu5g_00000598,4,2,17,984.0,,13.0
simu5g_00000598,4,2,18,304.0,,5.0
simu5g_00000598,4,2,19,608.0,,9.0
simu5g_00000598,4,2,20,808.0,,11.0
simu5g_00000598,4,2,21,56.0,,2.0
simu5g_00000598,4,2,22,808.0,,11.0
simu5g_00000598,4,2,23,304.0,,5.0
simu5g_00000598,4,2,24,368.0,,6.0
simu5g_00000598,5,3,0,808.0,,11.0
simu5g_00000598,5,3,1,984.0,,13.0
simu5g_00000598,5,3,2,808.0,,11.0
simu5g_00000598,5,3,3,808.0,,11.0
simu5g_00000598,5,3,4,808.0,,11.0
simu5g_00000598,5,3,5,528.0,,8.0
simu5g_00000598,5,3,6,888.0,,12.0
simu5g_00000598,5,3,7,888.0,,12.0
simu5g_00000598,5,3,8,808.0,,11.0
simu5g_00000598,5,3,9,704.0,,10.0
simu5g_00000598,5,3,10,984.0,,13.0
simu5g_00000598,5,3,11,888.0,,12.0
simu5g_00000598,5,3,12,984.0,,13.0
simu5g_00000598,5,3,13,984.0,,13.0
simu5g_00000598,5,3,14,984.0,,13.0
simu5g_00000598,5,3,15,888.0,,12.0
simu5g_00000598,5,3,16,984.0,,13.0
simu5g_00000598,5,3,17,1128.0,,14.0
simu5g_00000598,5,3,18,368.0,,6.0
simu5g_00000598,5,3,19,888.0,,12.0
simu5g_00000598,5,3,20,984.0,,13.0
simu5g_00000598,5,3,21,608.0,,9.0
simu5g_00000598,5,3,22,984.0,,13.0
simu5g_00000598,5,3,23,984.0,,13.0
simu5g_00000598,5,3,24,1128.0,,14.0
simu5g_00000598,6,4,0,984.0,,13.0
simu5g_00000598,6,4,1,1128.0,,14.0
simu5g_00000598,6,4,2,984.0,,13.0
simu5g_00000598,6,4,3,1160.0,,15.0
simu5g_00000598,6,4,4,1128.0,,14.0
simu5g_00000598,6,4,5,1128.0,,14.0
simu5g_00000598,6,4,6,704.0,,10.0
simu5g_00000598,6,4,7,808.0,,11.0
simu5g_00000598,6,4,8,1128.0,,14.0
simu5g_00000598,6,4,9,1128.0,,14.0
simu5g_00000598,6,4,10,1128.0,,14.0
simu5g_00000598,6,4,11,808.0,,11.0
simu5g_00000598,6,4,12,528.0,,8.0
simu5g_00000598,6,4,13,1128.0,,14.0
simu5g_00000598,6,4,14,984.0,,13.0
simu5g_00000598,6,4,15,1128.0,,14.0
simu5g_00000598,6,4,16,1128.0,,14.0
simu5g_00000598,6,4,17,704.0,,10.0
simu5g_00000598,6,4,18,984.0,,13.0
simu5g_00000598,6,4,19,1128.0,,14.0
simu5g_00000598,6,4,20,1128.0,,14.0
simu5g_00000598,6,4,21,984.0,,13.0
simu5g_00000598,6,4,22,1128.0,,14.0
simu5g_00000598,6,4,23,1128.0,,14.0
simu5g_00000598,6,4,24,984.0,,13.0
