scenario_mode,load_level,rb_budget_ratio,seed,test_index,kmax,feature_mode,method,pairwise_accuracy,ari,nmi,teacher_groups,predicted_groups
ambiguous,light,0.5,9,0,3,history_cost,Multi-feature k-means,0.5253623188405797,0.0,0.0,3,1
ambiguous,light,0.5,9,0,3,history_cost,LE-GRA MVP,0.5253623188405797,0.0,0.0,3,1
ambiguous,light,0.5,9,1,3,history_cost,Multi-feature k-means,0.8115942028985508,0.6187845303867403,0.5532134008379241,3,2
ambiguous,light,0.5,9,1,3,history_cost,LE-GRA MVP,0.9710144927536232,0.9399477806788512,0.8828570207618651,3,2
ambiguous,light,0.5,9,2,3,history_cost,Multi-feature k-means,0.4855072463768116,-0.03196587498025177,0.07616191456978497,3,2
ambiguous,light,0.5,9,2,3,history_cost,LE-GRA MVP,0.5144927536231884,0.026173047553846925,0.12274660469503254,3,2
ambiguous,light,0.5,9,3,3,history_cost,Multi-feature k-means,0.8623188405797102,0.7091352820455933,0.7727737058147917,3,3
ambiguous,light,0.5,9,3,3,history_cost,LE-GRA MVP,0.6666666666666666,0.27030289097074545,0.38709444508266505,3,3
ambiguous,light,0.5,9,4,3,history_cost,Multi-feature k-means,0.8152173913043478,0.601427115188583,0.7290394147377214,3,3
ambiguous,light,0.5,9,4,3,history_cost,LE-GRA MVP,0.8695652173913043,0.731212465508846,0.7806034428048458,3,3
ambiguous,light,0.5,9,5,3,history_cost,Multi-feature k-means,0.8840579710144928,0.7688442211055276,0.8261230797267559,3,2
ambiguous,light,0.5,9,5,3,history_cost,LE-GRA MVP,0.7536231884057971,0.507763323541754,0.5320843724588034,3,2
ambiguous,light,0.5,9,6,3,history_cost,Multi-feature k-means,0.6304347826086957,0.24114507520621062,0.4265383288322028,3,3
ambiguous,light,0.5,9,6,3,history_cost,LE-GRA MVP,0.5942028985507246,0.17165978884184577,0.3861630906075212,3,3
ambiguous,light,0.5,9,7,3,history_cost,Multi-feature k-means,0.37318840579710144,0.0,0.0,3,1
ambiguous,light,0.5,9,7,3,history_cost,LE-GRA MVP,0.37318840579710144,0.0,0.0,3,1
ambiguous,light,0.5,9,8,3,history_cost,Multi-feature k-means,0.4927536231884058,0.0,0.0,3,1
ambiguous,light,0.5,9,8,3,history_cost,LE-GRA MVP,0.4927536231884058,0.0,0.0,3,1
ambiguous,light,0.5,9,9,3,history_cost,Multi-feature k-means,0.5579710144927537,0.10394379690244294,0.32854590134864414,3,3
ambiguous,light,0.5,9,9,3,history_cost,LE-GRA MVP,0.644927536231884,0.29175176747839743,0.2926543436748511,3,2
ambiguous,light,0.5,9,10,3,history_cost,Multi-feature k-means,0.6014492753623188,0.2301840864141184,0.40151504161819535,3,3
ambiguous,light,0.5,9,10,3,history_cost,LE-GRA MVP,0.605072463768116,0.2587957031634966,0.43958208996303144,3,3
ambiguous,light,0.5,9,11,3,history_cost,Multi-feature k-means,0.8007246376811594,0.5961477067149091,0.735621080980445,3,3
ambiguous,light,0.5,9,11,3,history_cost,LE-GRA MVP,0.48188405797101447,0.0,0.0,3,1
ambiguous,light,0.5,9,12,3,history_cost,Multi-feature k-means,0.4782608695652174,-0.05764010857416568,0.0028880029419294066,3,2
ambiguous,light,0.5,9,12,3,history_cost,LE-GRA MVP,0.5362318840579711,-0.023466017729880093,0.057170649997980376,3,3
ambiguous,light,0.5,9,13,3,history_cost,Multi-feature k-means,0.9420289855072463,0.8824969400244798,0.8428345581204094,3,3
ambiguous,light,0.5,9,13,3,history_cost,LE-GRA MVP,0.7391304347826086,0.46560533534125753,0.5279797468008878,3,3
ambiguous,light,0.5,9,14,3,history_cost,Multi-feature k-means,0.37318840579710144,0.0,0.0,3,1
ambiguous,light,0.5,9,14,3,history_cost,LE-GRA MVP,0.7391304347826086,0.42893269728145295,0.4451246999292748,3,3
ambiguous,light,0.5,9,15,3,history_cost,Multi-feature k-means,0.8478260869565217,0.6915216349992016,0.7251757027253889,3,3
ambiguous,light,0.5,9,15,3,history_cost,LE-GRA MVP,0.6159420289855072,0.257047082127076,0.35508391919228643,3,2
ambiguous,light,0.5,9,16,3,history_cost,Multi-feature k-means,0.39492753623188404,0.04078914509281609,0.20060079389023006,3,2
ambiguous,light,0.5,9,16,3,history_cost,LE-GRA MVP,0.572463768115942,0.06985777117724334,0.27444705655010854,3,3
ambiguous,light,0.5,9,17,3,history_cost,Multi-feature k-means,0.7753623188405797,0.5479951397326852,0.5779764908176217,3,2
ambiguous,light,0.5,9,17,3,history_cost,LE-GRA MVP,0.7028985507246377,0.3700384122919334,0.465731608949544,3,3
ambiguous,light,0.5,9,18,3,history_cost,Multi-feature k-means,0.7681159420289855,0.5232903330274734,0.6079168322989245,3,3
ambiguous,light,0.5,9,18,3,history_cost,LE-GRA MVP,0.9166666666666666,0.8342904876266054,0.7821461328562928,3,2
ambiguous,light,0.5,9,19,3,history_cost,Multi-feature k-means,0.6557971014492754,0.33687405159332323,0.48091769561195696,3,3
ambiguous,light,0.5,9,19,3,history_cost,LE-GRA MVP,0.9021739130434783,0.7941208973367223,0.6879590100838477,3,2
ambiguous,light,0.5,17,0,3,history_cost,Multi-feature k-means,0.6268115942028986,0.28364076201995764,0.44313846862042694,2,3
ambiguous,light,0.5,17,0,3,history_cost,LE-GRA MVP,0.8405797101449275,0.6668678334339168,0.6067817385799832,2,2
ambiguous,light,0.5,17,1,3,history_cost,Multi-feature k-means,0.34782608695652173,0.0,0.0,3,1
ambiguous,light,0.5,17,1,3,history_cost,LE-GRA MVP,0.34782608695652173,0.0,0.0,3,1
ambiguous,light,0.5,17,2,3,history_cost,Multi-feature k-means,0.8188405797101449,0.5929923907273049,0.6463723788134287,3,3
ambiguous,light,0.5,17,2,3,history_cost,LE-GRA MVP,0.7644927536231884,0.52129362792187,0.5984707580645404,3,2
ambiguous,light,0.5,17,3,3,history_cost,Multi-feature k-means,0.5471014492753623,0.09277374566109181,0.3065479561726144,3,2
ambiguous,light,0.5,17,3,3,history_cost,LE-GRA MVP,0.7101449275362319,0.4314846284566661,0.6630387469803007,3,2
ambiguous,light,0.5,17,4,3,history_cost,Multi-feature k-means,0.358695652173913,-0.04108771630722019,0.12587315667599888,3,2
ambiguous,light,0.5,17,4,3,history_cost,LE-GRA MVP,0.5579710144927537,-5.940005940005602e-05,0.08399470873294688,3,3
ambiguous,light,0.5,17,5,3,history_cost,Multi-feature k-means,0.9456521739130435,0.8915889808316749,0.8962694224204701,3,2
ambiguous,light,0.5,17,5,3,history_cost,LE-GRA MVP,0.8695652173913043,0.7393357468912325,0.7023028319664629,3,2
ambiguous,light,0.5,17,6,3,history_cost,Multi-feature k-means,0.4855072463768116,-0.05021705343265982,0.11825767131669483,3,3
ambiguous,light,0.5,17,6,3,history_cost,LE-GRA MVP,0.5072463768115942,0.086670884227943,0.11200473707092905,3,2
ambiguous,light,0.5,17,7,3,history_cost,Multi-feature k-means,0.5253623188405797,0.0,0.0,3,1
ambiguous,light,0.5,17,7,3,history_cost,LE-GRA MVP,0.5253623188405797,0.0,0.0,3,1
ambiguous,light,0.5,17,8,3,history_cost,Multi-feature k-means,0.8731884057971014,0.743712193568927,0.7135349768379503,3,3
ambiguous,light,0.5,17,8,3,history_cost,LE-GRA MVP,0.5362318840579711,0.09803921568627454,0.3019619578637194,3,2
ambiguous,light,0.5,17,9,3,history_cost,Multi-feature k-means,0.5036231884057971,0.024156085475379417,0.12193921692196037,2,3
ambiguous,light,0.5,17,9,3,history_cost,LE-GRA MVP,0.5108695652173914,0.04725375882172438,0.04146150538775338,2,3
ambiguous,light,0.5,17,10,3,history_cost,Multi-feature k-means,0.7391304347826086,0.4717422510500292,0.510728847348287,3,2
ambiguous,light,0.5,17,10,3,history_cost,LE-GRA MVP,0.32971014492753625,0.0,0.0,3,1
ambiguous,light,0.5,17,11,3,history_cost,Multi-feature k-means,0.5797101449275363,0.1034444133295996,0.2261531536334175,3,3
ambiguous,light,0.5,17,11,3,history_cost,LE-GRA MVP,0.5253623188405797,-0.043643921025285776,0.03893683985723476,3,3
ambiguous,light,0.5,17,12,3,history_cost,Multi-feature k-means,0.6268115942028986,0.28364076201995764,0.44313846862042694,3,2
ambiguous,light,0.5,17,12,3,history_cost,LE-GRA MVP,0.6956521739130435,0.4044389642416769,0.5290755502357554,3,2
ambiguous,light,0.5,17,13,3,history_cost,Multi-feature k-means,0.8731884057971014,0.7454411299673237,0.6687410411979475,3,2
ambiguous,light,0.5,17,13,3,history_cost,LE-GRA MVP,0.894927536231884,0.7875119464797706,0.6974412100507908,3,2
ambiguous,light,0.5,17,14,3,history_cost,Multi-feature k-means,0.6884057971014492,0.3601811418405305,0.4329756671799839,3,3
ambiguous,light,0.5,17,14,3,history_cost,LE-GRA MVP,0.7318840579710145,0.4665412944679518,0.4824467825029892,3,2
ambiguous,light,0.5,17,15,3,history_cost,Multi-feature k-means,0.6413043478260869,0.2536873156342183,0.43293639260367295,3,3
ambiguous,light,0.5,17,15,3,history_cost,LE-GRA MVP,0.7717391304347826,0.5194029850746269,0.6468457573871874,3,3
ambiguous,light,0.5,17,16,3,history_cost,Multi-feature k-means,0.5362318840579711,0.055350553505535055,0.12795624120074137,3,3
ambiguous,light,0.5,17,16,3,history_cost,LE-GRA MVP,0.4746376811594203,-0.05326876513317187,0.0026174399743153737,3,2
ambiguous,light,0.5,17,17,3,history_cost,Multi-feature k-means,0.9239130434782609,0.8420019627085378,0.8462283624965931,3,3
ambiguous,light,0.5,17,17,3,history_cost,LE-GRA MVP,0.572463768115942,0.19406087602078695,0.35398340672903644,3,2
ambiguous,light,0.5,17,18,3,history_cost,Multi-feature k-means,0.6992753623188406,0.0,0.0,3,1
ambiguous,light,0.5,17,18,3,history_cost,LE-GRA MVP,0.4963768115942029,-0.0014618356479063593,0.06379181345495238,3,2
ambiguous,light,0.5,17,19,3,history_cost,Multi-feature k-means,0.8768115942028986,0.7485126226081363,0.8109571789891111,3,2
ambiguous,light,0.5,17,19,3,history_cost,LE-GRA MVP,0.532608695652174,0.0,0.0,3,1
ambiguous,light,0.5,23,0,3,history_cost,Multi-feature k-means,0.5869565217391305,0.2344153000145993,0.4152730891350569,2,3
ambiguous,light,0.5,23,0,3,history_cost,LE-GRA MVP,1.0,1.0,1.0,2,2
ambiguous,light,0.5,23,1,3,history_cost,Multi-feature k-means,0.532608695652174,0.0,0.0,3,1
ambiguous,light,0.5,23,1,3,history_cost,LE-GRA MVP,0.532608695652174,0.0,0.0,3,1
ambiguous,light,0.5,23,2,3,history_cost,Multi-feature k-means,0.6702898550724637,0.32023384215654427,0.4613694487178435,3,3
ambiguous,light,0.5,23,2,3,history_cost,LE-GRA MVP,0.6666666666666666,0.30429064606279793,0.3924595625076138,3,3
ambiguous,light,0.5,23,3,3,history_cost,Multi-feature k-means,0.4166666666666667,0.0,0.0,3,1
ambiguous,light,0.5,23,3,3,history_cost,LE-GRA MVP,0.4166666666666667,0.0,0.0,3,1
ambiguous,light,0.5,23,4,3,history_cost,Multi-feature k-means,0.7717391304347826,0.4346468981662113,0.40755154869077814,3,2
ambiguous,light,0.5,23,4,3,history_cost,LE-GRA MVP,0.5434782608695652,0.15768056968463884,0.34276854979506827,3,3
ambiguous,light,0.5,23,5,3,history_cost,Multi-feature k-means,0.48188405797101447,-0.04181184668989548,0.006996768153785553,3,2
ambiguous,light,0.5,23,5,3,history_cost,LE-GRA MVP,0.5072463768115942,-0.02866538777747326,0.15307246172832994,3,3
ambiguous,light,0.5,23,6,3,history_cost,Multi-feature k-means,0.6847826086956522,0.3806870937790158,0.3635032325238267,3,2
ambiguous,light,0.5,23,6,3,history_cost,LE-GRA MVP,0.6268115942028986,0.21892515661061648,0.3162809343592778,3,3
ambiguous,light,0.5,23,7,3,history_cost,Multi-feature k-means,0.48188405797101447,0.0,0.0,3,1
ambiguous,light,0.5,23,7,3,history_cost,LE-GRA MVP,0.48188405797101447,0.0,0.0,3,1
ambiguous,light,0.5,23,8,3,history_cost,Multi-feature k-means,0.6376811594202898,0.29227139853325806,0.43098726241650714,3,3
ambiguous,light,0.5,23,8,3,history_cost,LE-GRA MVP,0.7717391304347826,0.5246582832148715,0.4857214926748289,3,2
ambiguous,light,0.5,23,9,3,history_cost,Multi-feature k-means,0.4673913043478261,0.08398807911135195,0.2108049043396271,3,2
ambiguous,light,0.5,23,9,3,history_cost,LE-GRA MVP,0.7572463768115942,0.5227624651594921,0.6167590040083196,3,2
ambiguous,light,0.5,23,10,3,history_cost,Multi-feature k-means,0.5760869565217391,0.19407008086253374,0.37985511461974664,2,3
ambiguous,light,0.5,23,10,3,history_cost,LE-GRA MVP,0.7717391304347826,0.482315112540193,0.4420720417787592,2,2
ambiguous,light,0.5,23,11,3,history_cost,Multi-feature k-means,0.4891304347826087,-0.02659069325735997,0.07705293773214854,3,3
ambiguous,light,0.5,23,11,3,history_cost,LE-GRA MVP,0.4927536231884058,-0.02809706257982117,0.15998670930684292,3,3
ambiguous,light,0.5,23,12,3,history_cost,Multi-feature k-means,0.5362318840579711,0.07143983598801457,0.27673634873147984,3,2
ambiguous,light,0.5,23,12,3,history_cost,LE-GRA MVP,0.5072463768115942,0.031229030093429044,0.31519669290695473,3,3
ambiguous,light,0.5,23,13,3,history_cost,Multi-feature k-means,0.6014492753623188,0.1598870994521003,0.11335791826982973,3,2
ambiguous,light,0.5,23,13,3,history_cost,LE-GRA MVP,0.7101449275362319,0.4175064633567246,0.28062722509185706,3,3
ambiguous,light,0.5,23,14,3,history_cost,Multi-feature k-means,0.6376811594202898,0.2701887989846105,0.3445794210291724,3,3
ambiguous,light,0.5,23,14,3,history_cost,LE-GRA MVP,0.7753623188405797,0.5475170553704585,0.5146255179359488,3,2
ambiguous,light,0.5,23,15,3,history_cost,Multi-feature k-means,0.4927536231884058,-0.007036747458952316,0.06906739769687996,3,3
ambiguous,light,0.5,23,15,3,history_cost,LE-GRA MVP,0.4855072463768116,-0.023664002507443962,0.05067908362709837,3,3
ambiguous,light,0.5,23,16,3,history_cost,Multi-feature k-means,0.35144927536231885,0.0,0.0,3,1
ambiguous,light,0.5,23,16,3,history_cost,LE-GRA MVP,0.5507246376811594,-0.014284867524153875,0.10999953535190125,3,3
ambiguous,light,0.5,23,17,3,history_cost,Multi-feature k-means,0.7934782608695652,0.5735660847880298,0.6856855447392299,3,3
ambiguous,light,0.5,23,17,3,history_cost,LE-GRA MVP,0.5652173913043478,0.22933730454206994,0.5588487823476311,3,2
ambiguous,light,0.5,23,18,3,history_cost,Multi-feature k-means,0.9311594202898551,0.8626218170386671,0.8496613500636985,3,3
ambiguous,light,0.5,23,18,3,history_cost,LE-GRA MVP,0.9311594202898551,0.8615774469433007,0.854777551825845,3,3
ambiguous,light,0.5,23,19,3,history_cost,Multi-feature k-means,0.9166666666666666,0.8281909710945112,0.7598737418084625,2,2
ambiguous,light,0.5,23,19,3,history_cost,LE-GRA MVP,0.7101449275362319,0.4626168224299065,0.7223998094082265,2,3
ambiguous,medium,0.25,9,0,3,history_cost,Multi-feature k-means,0.5253623188405797,0.0,0.0,3,1
ambiguous,medium,0.25,9,0,3,history_cost,LE-GRA MVP,0.5144927536231884,0.02791357829995275,0.1481338129548339,3,2
ambiguous,medium,0.25,9,1,3,history_cost,Multi-feature k-means,0.8405797101449275,0.676056338028169,0.6266172073486219,2,2
ambiguous,medium,0.25,9,1,3,history_cost,LE-GRA MVP,0.7210144927536232,0.46153846153846156,0.5011692460633161,2,3
ambiguous,medium,0.25,9,2,3,history_cost,Multi-feature k-means,0.4855072463768116,-0.03196587498025177,0.07616191456978497,3,2
ambiguous,medium,0.25,9,2,3,history_cost,LE-GRA MVP,0.4601449275362319,0.0,0.0,3,1
ambiguous,medium,0.25,9,3,3,history_cost,Multi-feature k-means,0.7101449275362319,0.42074610420273884,0.48443826032763593,2,2
ambiguous,medium,0.25,9,3,3,history_cost,LE-GRA MVP,0.5688405797101449,0.15061549601737867,0.2693243323736229,2,2
ambiguous,medium,0.25,9,4,3,history_cost,Multi-feature k-means,1.0,1.0,1.0,3,3
ambiguous,medium,0.25,9,4,3,history_cost,LE-GRA MVP,0.7681159420289855,0.5080213903743316,0.6837691664793775,3,3
ambiguous,medium,0.25,9,5,3,history_cost,Multi-feature k-means,0.6557971014492754,0.0,0.0,2,1
ambiguous,medium,0.25,9,5,3,history_cost,LE-GRA MVP,0.6557971014492754,0.0,0.0,2,1
ambiguous,medium,0.25,9,6,3,history_cost,Multi-feature k-means,0.6304347826086957,0.24114507520621062,0.4265383288322028,3,3
ambiguous,medium,0.25,9,6,3,history_cost,LE-GRA MVP,0.7536231884057971,0.49529392782229875,0.590758917099748,3,3
ambiguous,medium,0.25,9,7,3,history_cost,Multi-feature k-means,0.7101449275362319,0.0,0.0,2,1
ambiguous,medium,0.25,9,7,3,history_cost,LE-GRA MVP,0.7101449275362319,0.0,0.0,2,1
ambiguous,medium,0.25,9,8,3,history_cost,Multi-feature k-means,1.0,1.0,1.0,1,1
ambiguous,medium,0.25,9,8,3,history_cost,LE-GRA MVP,1.0,1.0,1.0,1,1
ambiguous,medium,0.25,9,9,3,history_cost,Multi-feature k-means,1.0,1.0,1.0,1,1
ambiguous,medium,0.25,9,9,3,history_cost,LE-GRA MVP,1.0,1.0,1.0,1,1
ambiguous,medium,0.25,9,10,3,history_cost,Multi-feature k-means,0.7101449275362319,0.4221105527638191,0.47913876749186385,2,2
ambiguous,medium,0.25,9,10,3,history_cost,LE-GRA MVP,0.7101449275362319,0.4221105527638191,0.47913876749186385,2,2
ambiguous,medium,0.25,9,11,3,history_cost,Multi-feature k-means,0.8405797101449275,0.676056338028169,0.6266172073486219,2,2
ambiguous,medium,0.25,9,11,3,history_cost,LE-GRA MVP,0.9166666666666666,0.8316537604752308,0.7712207797821039,2,2
ambiguous,medium,0.25,9,12,3,history_cost,Multi-feature k-means,0.4855072463768116,-0.009634705548972186,0.15001718135393102,3,2
ambiguous,medium,0.25,9,12,3,history_cost,LE-GRA MVP,0.48188405797101447,-0.02834809796769153,0.04290546024985927,3,2
ambiguous,medium,0.25,9,13,3,history_cost,Multi-feature k-means,0.8623188405797102,0.7195571955719557,0.6814273271852466,3,3
ambiguous,medium,0.25,9,13,3,history_cost,LE-GRA MVP,0.9130434782608695,0.8214459000485201,0.8117675095609492,3,3
ambiguous,medium,0.25,9,14,3,history_cost,Multi-feature k-means,0.7717391304347826,0.0,0.0,2,1
ambiguous,medium,0.25,9,14,3,history_cost,LE-GRA MVP,0.7717391304347826,0.0,0.0,2,1
ambiguous,medium,0.25,9,15,3,history_cost,Multi-feature k-means,0.9565217391304348,0.9108958837772398,0.8866662832585234,3,3
ambiguous,medium,0.25,9,15,3,history_cost,LE-GRA MVP,0.8188405797101449,0.629808466119427,0.6337379814956597,3,3
ambiguous,medium,0.25,9,16,3,history_cost,Multi-feature k-means,1.0,1.0,1.0,1,1
ambiguous,medium,0.25,9,16,3,history_cost,LE-GRA MVP,1.0,1.0,1.0,1,1
ambiguous,medium,0.25,9,17,3,history_cost,Multi-feature k-means,0.8405797101449275,0.0,0.0,2,1
ambiguous,medium,0.25,9,17,3,history_cost,LE-GRA MVP,0.8405797101449275,0.0,0.0,2,1
ambiguous,medium,0.25,9,18,3,history_cost,Multi-feature k-means,0.7608695652173914,0.5269308679166883,0.5204208250521145,3,2
ambiguous,medium,0.25,9,18,3,history_cost,LE-GRA MVP,0.7608695652173914,0.5083931559345819,0.5605279911665408,3,3
ambiguous,medium,0.25,9,19,3,history_cost,Multi-feature k-means,0.8913043478260869,0.7694235588972431,0.7470129667546934,3,3
ambiguous,medium,0.25,9,19,3,history_cost,LE-GRA MVP,0.8985507246376812,0.7871426210543712,0.7515368188353229,3,3
ambiguous,medium,0.25,17,0,3,history_cost,Multi-feature k-means,0.8804347826086957,0.7526881720430108,0.7965917800763678,3,3
ambiguous,medium,0.25,17,0,3,history_cost,LE-GRA MVP,0.7463768115942029,0.4907480626284991,0.5250260208324157,3,2
ambiguous,medium,0.25,17,1,3,history_cost,Multi-feature k-means,0.9166666666666666,0.0,0.0,2,1
ambiguous,medium,0.25,17,1,3,history_cost,LE-GRA MVP,0.9166666666666666,0.0,0.0,2,1
ambiguous,medium,0.25,17,2,3,history_cost,Multi-feature k-means,0.4927536231884058,0.0,0.0,2,1
ambiguous,medium,0.25,17,2,3,history_cost,LE-GRA MVP,0.4927536231884058,0.0,0.0,2,1
ambiguous,medium,0.25,17,3,3,history_cost,Multi-feature k-means,1.0,1.0,1.0,2,2
ambiguous,medium,0.25,17,3,3,history_cost,LE-GRA MVP,0.7644927536231884,0.5255474452554745,0.5642235672866083,2,3
ambiguous,medium,0.25,17,4,3,history_cost,Multi-feature k-means,0.7065217391304348,-0.08503203261502593,0.02412973175621317,3,2
ambiguous,medium,0.25,17,4,3,history_cost,LE-GRA MVP,0.8369565217391305,0.0,0.0,3,1
ambiguous,medium,0.25,17,5,3,history_cost,Multi-feature k-means,0.48188405797101447,0.0,0.0,2,1
ambiguous,medium,0.25,17,5,3,history_cost,LE-GRA MVP,0.7717391304347826,0.543238415467059,0.4602273904323098,2,2
ambiguous,medium,0.25,17,6,3,history_cost,Multi-feature k-means,0.6340579710144928,0.0,0.0,3,1
ambiguous,medium,0.25,17,6,3,history_cost,LE-GRA MVP,0.6340579710144928,0.0,0.0,3,1
ambiguous,medium,0.25,17,7,3,history_cost,Multi-feature k-means,0.5253623188405797,0.0,0.0,3,1
ambiguous,medium,0.25,17,7,3,history_cost,LE-GRA MVP,0.5253623188405797,0.0,0.0,3,1
ambiguous,medium,0.25,17,8,3,history_cost,Multi-feature k-means,0.644927536231884,0.28884682126518385,0.3834235399489019,3,2
ambiguous,medium,0.25,17,8,3,history_cost,LE-GRA MVP,0.605072463768116,0.21089077746301538,0.3440068783110784,3,2
ambiguous,medium,0.25,17,9,3,history_cost,Multi-feature k-means,0.6086956521739131,0.0,0.0,2,1
ambiguous,medium,0.25,17,9,3,history_cost,LE-GRA MVP,0.6086956521739131,0.0,0.0,2,1
ambiguous,medium,0.25,17,10,3,history_cost,Multi-feature k-means,0.9166666666666666,0.0,0.0,2,1
ambiguous,medium,0.25,17,10,3,history_cost,LE-GRA MVP,0.9166666666666666,0.0,0.0,2,1
ambiguous,medium,0.25,17,11,3,history_cost,Multi-feature k-means,0.5471014492753623,0.1630276564774382,0.2906113924964639,3,3
ambiguous,medium,0.25,17,11,3,history_cost,LE-GRA MVP,0.6956521739130435,0.0,0.0,3,1
ambiguous,medium,0.25,17,12,3,history_cost,Multi-feature k-means,0.7717391304347826,0.5443873807776963,0.545228008856072,2,2
ambiguous,medium,0.25,17,12,3,history_cost,LE-GRA MVP,0.4927536231884058,0.0,0.0,2,1
ambiguous,medium,0.25,17,13,3,history_cost,Multi-feature k-means,0.6884057971014492,0.4075183465628276,0.6357622725700877,3,3
ambiguous,medium,0.25,17,13,3,history_cost,LE-GRA MVP,0.6231884057971014,0.2505091649694502,0.34612882074743107,3,2
ambiguous,medium,0.25,17,14,3,history_cost,Multi-feature k-means,0.7101449275362319,0.4231673546162286,0.4699285490644171,2,2
ambiguous,medium,0.25,17,14,3,history_cost,LE-GRA MVP,0.7717391304347826,0.543238415467059,0.4602273904323097,2,2
ambiguous,medium,0.25,17,15,3,history_cost,Multi-feature k-means,1.0,1.0,1.0,1,1
ambiguous,medium,0.25,17,15,3,history_cost,LE-GRA MVP,1.0,1.0,1.0,1,1
ambiguous,medium,0.25,17,16,3,history_cost,Multi-feature k-means,0.44565217391304346,0.0,0.0,3,1
ambiguous,medium,0.25,17,16,3,history_cost,LE-GRA MVP,0.5144927536231884,0.03127455602703124,0.1355558813589403,3,2
ambiguous,medium,0.25,17,17,3,history_cost,Multi-feature k-means,0.6630434782608695,0.3214550068732156,0.47881607547788557,3,3
ambiguous,medium,0.25,17,17,3,history_cost,LE-GRA MVP,0.6231884057971014,0.23696102929448665,0.4491909032577819,3,3
ambiguous,medium,0.25,17,18,3,history_cost,Multi-feature k-means,0.9166666666666666,0.0,0.0,2,1
ambiguous,medium,0.25,17,18,3,history_cost,LE-GRA MVP,0.6557971014492754,-0.0594795539033455,0.027834908229523173,2,2
ambiguous,medium,0.25,17,19,3,history_cost,Multi-feature k-means,0.5688405797101449,0.0,0.0,2,1
ambiguous,medium,0.25,17,19,3,history_cost,LE-GRA MVP,0.5688405797101449,0.0,0.0,2,1
ambiguous,medium,0.25,23,0,3,history_cost,Multi-feature k-means,0.6557971014492754,0.0,0.0,2,1
ambiguous,medium,0.25,23,0,3,history_cost,LE-GRA MVP,0.6557971014492754,0.0,0.0,2,1
ambiguous,medium,0.25,23,1,3,history_cost,Multi-feature k-means,0.7644927536231884,0.0,0.0,3,1
ambiguous,medium,0.25,23,1,3,history_cost,LE-GRA MVP,0.7644927536231884,0.0,0.0,3,1
ambiguous,medium,0.25,23,2,3,history_cost,Multi-feature k-means,0.48188405797101447,0.0,0.0,2,1
ambiguous,medium,0.25,23,2,3,history_cost,LE-GRA MVP,0.8405797101449275,0.6814103573115063,0.6576884190648897,2,2
ambiguous,medium,0.25,23,3,3,history_cost,Multi-feature k-means,0.4166666666666667,0.0,0.0,3,1
ambiguous,medium,0.25,23,3,3,history_cost,LE-GRA MVP,0.4166666666666667,0.0,0.0,3,1
ambiguous,medium,0.25,23,4,3,history_cost,Multi-feature k-means,0.5108695652173914,0.0,0.0,2,1
ambiguous,medium,0.25,23,4,3,history_cost,LE-GRA MVP,0.5108695652173914,0.0,0.0,2,1
ambiguous,medium,0.25,23,5,3,history_cost,Multi-feature k-means,0.48188405797101447,-0.04181184668989548,0.006996768153785553,3,2
ambiguous,medium,0.25,23,5,3,history_cost,LE-GRA MVP,0.5362318840579711,0.026401366918370733,0.17434220191847685,3,3
ambiguous,medium,0.25,23,6,3,history_cost,Multi-feature k-means,0.4782608695652174,0.0,0.0,2,1
ambiguous,medium,0.25,23,6,3,history_cost,LE-GRA MVP,0.4782608695652174,0.0,0.0,2,1
ambiguous,medium,0.25,23,7,3,history_cost,Multi-feature k-means,0.48188405797101447,0.0,0.0,3,1
ambiguous,medium,0.25,23,7,3,history_cost,LE-GRA MVP,0.48188405797101447,0.0,0.0,3,1
ambiguous,medium,0.25,23,8,3,history_cost,Multi-feature k-means,0.8804347826086957,0.7488695268556304,0.736181545557015,3,3
ambiguous,medium,0.25,23,8,3,history_cost,LE-GRA MVP,0.8442028985507246,0.6699299143397487,0.6839450124420015,3,3
ambiguous,medium,0.25,23,9,3,history_cost,Multi-feature k-means,0.5688405797101449,0.0,0.0,2,1
ambiguous,medium,0.25,23,9,3,history_cost,LE-GRA MVP,0.6557971014492754,0.3156905731287191,0.4081971746226094,2,2
ambiguous,medium,0.25,23,10,3,history_cost,Multi-feature k-means,0.8623188405797102,0.7068589636089218,0.7738000858209811,3,3
ambiguous,medium,0.25,23,10,3,history_cost,LE-GRA MVP,1.0,1.0,1.0,3,3
ambiguous,medium,0.25,23,11,3,history_cost,Multi-feature k-means,0.5253623188405797,0.0,0.0,3,1
ambiguous,medium,0.25,23,11,3,history_cost,LE-GRA MVP,0.5253623188405797,0.0,0.0,3,1
ambiguous,medium,0.25,23,12,3,history_cost,Multi-feature k-means,1.0,1.0,1.0,1,1
ambiguous,medium,0.25,23,12,3,history_cost,LE-GRA MVP,1.0,1.0,1.0,1,1
ambiguous,medium,0.25,23,13,3,history_cost,Multi-feature k-means,0.6014492753623188,0.1598870994521003,0.11335791826982973,3,2
ambiguous,medium,0.25,23,13,3,history_cost,LE-GRA MVP,0.6014492753623188,0.1598870994521003,0.11335791826982973,3,2
ambiguous,medium,0.25,23,14,3,history_cost,Multi-feature k-means,0.8405797101449275,0.0,0.0,2,1
ambiguous,medium,0.25,23,14,3,history_cost,LE-GRA MVP,0.8405797101449275,0.0,0.0,2,1
ambiguous,medium,0.25,23,15,3,history_cost,Multi-feature k-means,0.5108695652173914,0.0,0.0,3,1
ambiguous,medium,0.25,23,15,3,history_cost,LE-GRA MVP,0.5108695652173914,0.0,0.0,3,1
ambiguous,medium,0.25,23,16,3,history_cost,Multi-feature k-means,0.8405797101449275,0.0,0.0,2,1
ambiguous,medium,0.25,23,16,3,history_cost,LE-GRA MVP,0.6557971014492754,0.24035230038243133,0.2699804025732092,2,2
ambiguous,medium,0.25,23,17,3,history_cost,Multi-feature k-means,0.6195652173913043,0.2857142857142857,0.5128050767340466,3,3
ambiguous,medium,0.25,23,17,3,history_cost,LE-GRA MVP,0.7934782608695652,0.5761396702230844,0.6416736760637675,3,3
ambiguous,medium,0.25,23,18,3,history_cost,Multi-feature k-means,0.927536231884058,0.8553383301011583,0.8421719179759815,3,3
ambiguous,medium,0.25,23,18,3,history_cost,LE-GRA MVP,0.6231884057971014,0.2547899683264967,0.39344464013966307,3,2
ambiguous,medium,0.25,23,19,3,history_cost,Multi-feature k-means,0.9782608695652174,0.9559504176198329,0.9135712858791615,3,2
ambiguous,medium,0.25,23,19,3,history_cost,LE-GRA MVP,0.9782608695652174,0.9559504176198329,0.9135712858791615,3,2
