method,utility,adr_kbps,used_spectral_efficiency,system_spectral_efficiency,served_ratio,unserved_ratio,average_quality,rb_utilization,avg_switching,fairness,avg_groups,scenario_mode,load_level,rb_budget_ratio,kmax,seed
No grouping,0.7017816769079721,4195.0,39.02167518035979,11.186666666666667,1.0,0.0,3.3,0.49799999999999994,0.15916666666666668,1.0,1.0,aligned,light,0.5,3,9
CQI k-means,0.7861775128513493,4999.166666666666,27.940815442567676,13.33111111111111,1.0,0.0,3.6291666666666673,0.6380000000000001,0.10916666666666666,0.8697794542443612,2.35,aligned,light,0.5,3,9
Resource-cost k-means,0.7881148449207275,5183.4375,32.81895247540971,13.822500000000002,1.0,0.0,3.760416666666667,0.629,0.1404166666666667,0.9179021854914744,2.3,aligned,light,0.5,3,9
Multi-feature k-means,0.790186113829961,5148.645833333334,26.580735819853537,13.729722222222222,1.0,0.0,3.7416666666666663,0.6889999999999998,0.12833333333333335,0.8920680725221743,2.55,aligned,light,0.5,3,9
Offline teacher,0.8031778773407936,5372.708333333333,22.3801813205928,14.327222222222224,1.0,0.0,3.797916666666667,0.7360000000000001,0.13625000000000004,0.9053064260381628,2.75,aligned,light,0.5,3,9
LE-GRA MVP,0.7960795843133716,5283.4375,30.10420120917355,14.089166666666667,1.0,0.0,3.7375,0.6359999999999999,0.1266666666666667,0.8937856357083891,2.2,aligned,light,0.5,3,9
No grouping,0.8020615874044473,5565.0,57.43080680408235,14.84,1.0,0.0,4.0,0.372,0.1504166666666667,1.0,1.0,aligned,light,0.5,3,17
CQI k-means,0.8512654354919764,5627.083333333334,33.349154287768606,15.005555555555556,1.0,0.0,3.9666666666666663,0.5469999999999999,0.08291666666666667,0.9178897579351755,2.3,aligned,light,0.5,3,17
Resource-cost k-means,0.8421631665803494,6195.104166666666,48.23163135518216,16.52027777777778,1.0,0.0,4.285416666666667,0.536,0.15666666666666668,0.952048575429521,1.95,aligned,light,0.5,3,17
Multi-feature k-means,0.8503620450062657,5698.333333333334,30.020666454950636,15.195555555555558,1.0,0.0,4.025,0.613,0.09791666666666668,0.9359160759077806,2.6,aligned,light,0.5,3,17
Offline teacher,0.8552251527578436,5967.395833333334,26.789523191348867,15.913055555555555,1.0,0.0,4.145833333333334,0.662,0.11875000000000002,0.9394172780198321,2.85,aligned,light,0.5,3,17
LE-GRA MVP,0.8487272030980548,5707.395833333334,30.833392895300342,15.21972222222222,1.0,0.0,4.008333333333333,0.583,0.09875000000000002,0.9379819605344188,2.45,aligned,light,0.5,3,17
No grouping,0.7968786258356904,5575.0,60.62580681988577,14.866666666666669,1.0,0.0,4.0,0.3549999999999999,0.14875000000000002,1.0,1.0,aligned,light,0.5,3,23
CQI k-means,0.8637380584900184,5853.229166666666,34.38411813644025,15.608611111111108,1.0,0.0,4.083333333333334,0.5790000000000001,0.08541666666666667,0.9295304153682498,2.4,aligned,light,0.5,3,23
Resource-cost k-means,0.8597867288621668,6381.562500000001,50.77865186098002,17.017500000000002,1.0,0.0,4.379166666666666,0.516,0.14625,0.9495562580055872,2.0,aligned,light,0.5,3,23
Multi-feature k-means,0.8640132073124607,5778.125,31.8350446798293,15.408333333333335,1.0,0.0,4.0625,0.579,0.08208333333333333,0.938556633110035,2.65,aligned,light,0.5,3,23
Offline teacher,0.86787108110407,5996.458333333334,28.128674664532547,15.990555555555556,1.0,0.0,4.158333333333333,0.635,0.10208333333333333,0.948234364277251,2.95,aligned,light,0.5,3,23
LE-GRA MVP,0.8623678838698497,6022.604166666666,32.06544592431474,16.060277777777777,1.0,0.0,4.139583333333333,0.5799999999999998,0.0975,0.9370201811427986,2.6,aligned,light,0.5,3,23
No grouping,0.581581123754992,3787.5,39.649866215655685,20.2,1.0,0.0,2.9,0.536,0.1866666666666667,1.0,1.0,aligned,medium,0.25,3,9
CQI k-means,0.7345221357222288,4532.8125,32.310081953071084,24.175,1.0,0.0,3.3270833333333334,0.8380000000000001,0.08374999999999999,0.842368786649474,2.15,aligned,medium,0.25,3,9
Resource-cost k-means,0.7299543962782106,4544.479166666666,39.94015920299579,24.237222222222222,0.9979166666666668,0.0020833333333333316,3.3884057971014494,0.736,0.10916666666666666,0.9109061064901937,2.0,aligned,medium,0.25,3,9
Multi-feature k-means,0.732944882633241,4659.0625,36.07396072962196,24.848333333333336,1.0,0.0,3.4333333333333345,0.796,0.10833333333333335,0.8562281775834117,1.95,aligned,medium,0.25,3,9
Offline teacher,0.7528142819084678,4797.708333333334,27.948291720692076,25.587777777777774,1.0,0.0,3.5125,0.9399999999999998,0.10500000000000001,0.8717684641297969,2.45,aligned,medium,0.25,3,9
LE-GRA MVP,0.7373139233740847,4646.145833333334,32.48974048373559,24.779444444444444,1.0,0.0,3.3958333333333335,0.8360000000000001,0.09416666666666666,0.8411505895625394,2.25,aligned,medium,0.25,3,9
No grouping,0.7472256992991264,5347.5,57.65312026232742,28.520000000000003,1.0,0.0,3.8,0.534,0.15791666666666668,1.0,1.0,aligned,medium,0.25,3,17
CQI k-means,0.8106783019504608,5275.416666666666,36.531967564144686,28.135555555555555,1.0,0.0,3.7666666666666666,0.8220000000000001,0.07708333333333335,0.9024830828309245,2.1,aligned,medium,0.25,3,17
Resource-cost k-means,0.802603937854664,5753.854166666667,55.89295948695459,30.68722222222222,1.0,0.0,4.039583333333333,0.6519999999999999,0.1375,0.9448969760416759,1.55,aligned,medium,0.25,3,17
Multi-feature k-means,0.812580836367542,5460.625000000001,39.9044805612751,29.123333333333335,1.0,0.0,3.8541666666666665,0.786,0.09541666666666665,0.9172846720561869,1.9,aligned,medium,0.25,3,17
Offline teacher,0.8258143284663045,5653.020833333334,32.52590049656226,30.14944444444444,1.0,0.0,3.9833333333333334,0.942,0.09875000000000002,0.9122143925284127,2.5,aligned,medium,0.25,3,17
LE-GRA MVP,0.8121557010912455,5367.083333333334,35.49093166653057,28.624444444444446,1.0,0.0,3.814583333333334,0.8320000000000001,0.0825,0.9194329224207622,2.25,aligned,medium,0.25,3,17
No grouping,0.7172561278594498,5337.5,60.95812613312613,28.466666666666658,1.0,0.0,3.75,0.4640000000000001,0.16958333333333334,1.0,1.0,aligned,medium,0.25,3,23
CQI k-means,0.8264033863101374,5625.208333333333,44.83838090186076,30.00111111111111,1.0,0.0,3.9458333333333337,0.7459999999999999,0.08875000000000001,0.9133271497709252,1.85,aligned,medium,0.25,3,23
Resource-cost k-means,0.8240914109381198,5915.625,57.215446740256525,31.55,1.0,0.0,4.15,0.664,0.12541666666666668,0.9419550490050259,1.65,aligned,medium,0.25,3,23
Multi-feature k-means,0.8327466531178297,5535.833333333334,39.67767604524158,29.52444444444444,1.0,0.0,3.9041666666666663,0.8,0.07541666666666666,0.9183210863564609,2.2,aligned,medium,0.25,3,23
Offline teacher,0.8390077298152695,5793.020833333333,33.11986990766882,30.896111111111118,1.0,0.0,4.045833333333334,0.9400000000000001,0.09291666666666668,0.9255264724558148,2.55,aligned,medium,0.25,3,23
LE-GRA MVP,0.8354685681973271,5706.041666666666,38.83906626140428,30.43222222222222,1.0,0.0,3.977083333333334,0.844,0.08083333333333334,0.9100987178902484,2.3,aligned,medium,0.25,3,23
No grouping,0.39634698792802964,2247.5,40.19444444444444,29.96666666666666,1.0,0.0,2.05,0.7049999999999998,0.22333333333333333,1.0,1.0,aligned,heavy,0.1,3,9
CQI k-means,0.5030090645607787,2524.895833333333,43.34446649029982,33.66527777777778,1.0,0.0,2.34375,0.82,0.16291666666666665,0.8822724775325577,1.5,aligned,heavy,0.1,3,9
Resource-cost k-means,0.4995407010255337,2471.458333333333,42.38688271604938,32.952777777777776,0.9937500000000001,0.00625,2.3605648880105403,0.8299999999999998,0.16083333333333333,0.9242433839894799,1.7,aligned,heavy,0.1,3,9
Multi-feature k-means,0.5041578665018797,2501.875,42.9179012345679,33.358333333333334,0.9979166666666668,0.0020833333333333316,2.3528079710144927,0.8300000000000001,0.16083333333333333,0.8948441774286611,1.6,aligned,heavy,0.1,3,9
Offline teacher,0.5396916562545064,2629.375,44.217592592592595,35.05833333333333,0.99375,0.006249999999999994,2.483967391304348,0.8549999999999999,0.13666666666666666,0.8886711620294356,1.65,aligned,heavy,0.1,3,9
LE-GRA MVP,0.49226660704917913,2461.979166666667,42.89801587301588,32.82638888888889,1.0,0.0,2.3020833333333335,0.8049999999999999,0.17124999999999999,0.8897301326981358,1.55,aligned,heavy,0.1,3,9
No grouping,0.585505731363485,3417.5,56.658333333333324,45.56666666666667,1.0,0.0,2.8,0.755,0.16791666666666666,1.0,1.0,aligned,heavy,0.1,3,17
CQI k-means,0.6235893675658963,3521.770833333333,57.72893518518517,46.956944444444446,1.0,0.0,2.904166666666667,0.8150000000000001,0.14625000000000002,0.9183858134574384,1.25,aligned,heavy,0.1,3,17
Resource-cost k-means,0.629171625126703,3507.6041666666665,57.25694444444444,46.76805555555556,1.0,0.0,2.9145833333333337,0.835,0.1441666666666667,0.9497658880109074,1.35,aligned,heavy,0.1,3,17
Multi-feature k-means,0.6276110685266099,3501.1458333333335,57.51836419753086,46.68194444444445,1.0,0.0,2.9104166666666664,0.8100000000000002,0.14500000000000002,0.9485652114379775,1.2,aligned,heavy,0.1,3,17
Offline teacher,0.6527619962869206,3598.541666666667,58.428703703703704,47.980555555555554,0.9958333333333333,0.004166666666666663,3.009782608695652,0.8399999999999999,0.12708333333333335,0.9300097267812106,1.4,aligned,heavy,0.1,3,17
LE-GRA MVP,0.6354567841748744,3522.1875,57.580864197530865,46.962500000000006,1.0,0.0,2.93125,0.825,0.14083333333333337,0.9381641701852363,1.3,aligned,heavy,0.1,3,17
No grouping,0.5910631891259507,3642.5,59.160449735449745,48.56666666666667,1.0,0.0,2.9,0.78,0.18208333333333335,1.0,1.0,aligned,heavy,0.1,3,23
CQI k-means,0.6518405366157791,3900.000000000001,61.584744268077614,52.0,1.0,0.0,3.075,0.845,0.14458333333333334,0.8964260445064236,1.35,aligned,heavy,0.1,3,23
Resource-cost k-means,0.6456348030049152,3785.000000000001,60.76369047619047,50.46666666666666,0.99375,0.00625,3.0863095238095237,0.835,0.14500000000000002,0.9515971687477123,1.4,aligned,heavy,0.1,3,23
Multi-feature k-means,0.6423278449412972,3768.5416666666665,60.49362874779543,50.24722222222222,1.0,0.0,3.0395833333333333,0.835,0.15166666666666667,0.9468719963825535,1.4,aligned,heavy,0.1,3,23
Offline teacher,0.6709675634487616,4073.229166666667,62.72347883597884,54.30972222222223,0.99375,0.00625,3.1999094202898553,0.8800000000000001,0.12791666666666668,0.9184608564052812,1.45,aligned,heavy,0.1,3,23
LE-GRA MVP,0.6425992318055215,3757.916666666667,60.65136684303351,50.105555555555554,1.0,0.0,3.0333333333333337,0.825,0.15291666666666667,0.9382135691929433,1.45,aligned,heavy,0.1,3,23
No grouping,0.6898701289261754,5015.0,38.74544050090796,13.373333333333335,1.0,0.0,3.75,0.562,0.2579166666666667,1.0,1.0,ambiguous,light,0.5,3,9
CQI k-means,0.7663890556949391,5818.229166666666,28.009672616346858,15.515277777777778,1.0,0.0,4.05625,0.7020000000000001,0.21749999999999997,0.8828869416736265,2.55,ambiguous,light,0.5,3,9
Resource-cost k-means,0.7836850918479438,6137.8125,31.71507630481374,16.3675,1.0,0.0,4.233333333333333,0.746,0.2354166666666667,0.9100397780800199,2.35,ambiguous,light,0.5,3,9
Multi-feature k-means,0.7679277153559446,5794.374999999999,28.97976237151961,15.451666666666668,1.0,0.0,4.0791666666666675,0.689,0.22208333333333333,0.8831594572253744,2.3,ambiguous,light,0.5,3,9
Offline teacher,0.7929602354277356,5942.916666666666,21.246924827088367,15.847777777777775,1.0,0.0,4.137500000000001,0.817,0.20875,0.9071010431739795,3.0,ambiguous,light,0.5,3,9
LE-GRA MVP,0.7760933772237892,5899.583333333334,28.847023350264813,15.732222222222223,1.0,0.0,4.108333333333333,0.72,0.22291666666666665,0.9159934208477305,2.25,ambiguous,light,0.5,3,9
No grouping,0.7972755432289418,6150.0,55.90351541622216,16.4,1.0,0.0,4.35,0.42699999999999994,0.22166666666666662,1.0,1.0,ambiguous,light,0.5,3,17
CQI k-means,0.8238514751041605,6209.375,35.12608138456348,16.558333333333337,1.0,0.0,4.324999999999999,0.6119999999999999,0.18666666666666668,0.9363768014944783,2.45,ambiguous,light,0.5,3,17
Resource-cost k-means,0.8310625215189045,6529.791666666667,48.70116694184011,17.41277777777778,1.0,0.0,4.4833333333333325,0.55,0.20750000000000002,0.9507468598455043,1.95,ambiguous,light,0.5,3,17
Multi-feature k-means,0.8306253045438152,6384.895833333333,37.69636126876484,17.026388888888892,1.0,0.0,4.4020833333333345,0.595,0.19125,0.9272605889153311,2.35,ambiguous,light,0.5,3,17
Offline teacher,0.8438154485151941,6352.708333333334,27.618175184281018,16.940555555555555,1.0,0.0,4.364583333333332,0.688,0.17458333333333337,0.9419523762813709,2.9,ambiguous,light,0.5,3,17
LE-GRA MVP,0.8329413961301076,6536.249999999999,39.24196537307981,17.43,1.0,0.0,4.470833333333333,0.566,0.20333333333333337,0.939087290621915,2.05,ambiguous,light,0.5,3,17
No grouping,0.7812548205760318,6075.0,59.637450812653654,16.2,1.0,0.0,4.3,0.35300000000000004,0.2345833333333333,1.0,1.0,ambiguous,light,0.5,3,23
CQI k-means,0.8363920747047289,6576.145833333333,44.18895256842304,17.53638888888889,1.0,0.0,4.514583333333334,0.5920000000000001,0.20916666666666664,0.9550186139878063,2.25,ambiguous,light,0.5,3,23
Resource-cost k-means,0.840298355064507,6752.8125,52.40471173854579,18.0075,1.0,0.0,4.597916666666667,0.543,0.2266666666666667,0.9717771443215243,1.8,ambiguous,light,0.5,3,23
Multi-feature k-means,0.8375204342849061,6547.708333333334,39.30147903019554,17.460555555555555,1.0,0.0,4.5,0.5940000000000001,0.20624999999999996,0.9524584222585627,2.3,ambiguous,light,0.5,3,23
Offline teacher,0.8471083982621448,6500.520833333334,28.426242793672067,17.334722222222222,1.0,0.0,4.45625,0.674,0.19416666666666665,0.9542006455907117,2.85,ambiguous,light,0.5,3,23
LE-GRA MVP,0.8287935726882327,6442.708333333334,37.655490826702376,17.180555555555554,1.0,0.0,4.427083333333333,0.614,0.20916666666666667,0.9533471533251052,2.45,ambiguous,light,0.5,3,23
No grouping,0.554212768819211,4495.0,39.375494467406234,23.973333333333336,1.0,0.0,3.3,0.6020000000000001,0.2895833333333333,1.0,1.0,ambiguous,medium,0.25,3,9
CQI k-means,0.7076443227349157,5373.020833333334,36.79460910176543,28.65611111111111,1.0,0.0,3.789583333333333,0.8620000000000001,0.2058333333333333,0.821229563990596,2.0,ambiguous,medium,0.25,3,9
Resource-cost k-means,0.7166274771544671,5354.791666666666,43.10999620258732,28.55888888888889,1.0,0.0,3.8791666666666664,0.7780000000000001,0.22541666666666665,0.9103215257580708,1.65,ambiguous,medium,0.25,3,9
Multi-feature k-means,0.7026451168568406,5318.854166666667,37.0407185067703,28.36722222222222,0.9979166666666668,0.0020833333333333316,3.7850543478260876,0.8400000000000002,0.21458333333333335,0.8438883367578667,1.95,ambiguous,medium,0.25,3,9
Offline teacher,0.7322796242075484,5344.375,30.087266074304114,28.50333333333333,1.0,0.0,3.8250000000000006,0.9640000000000001,0.2004166666666667,0.8691491410041037,2.3,ambiguous,medium,0.25,3,9
LE-GRA MVP,0.7055389675950239,5405.625,39.68153303833611,28.830000000000002,1.0,0.0,3.8375,0.8320000000000001,0.22125000000000003,0.8505195985566221,1.85,ambiguous,medium,0.25,3,9
No grouping,0.7295439324707109,5857.5,56.23652001593179,31.24,1.0,0.0,4.1,0.59,0.23583333333333334,1.0,1.0,ambiguous,medium,0.25,3,17
CQI k-means,0.7943341235119877,6100.416666666667,48.637149607757024,32.535555555555554,1.0,0.0,4.218749999999999,0.7819999999999999,0.18625,0.9039573722368465,1.75,ambiguous,medium,0.25,3,17
Resource-cost k-means,0.7898551976625127,6215.416666666667,55.74611887431742,33.14888888888889,1.0,0.0,4.329166666666667,0.696,0.21416666666666662,0.950535262157586,1.45,ambiguous,medium,0.25,3,17
Multi-feature k-means,0.7998010236118424,6213.541666666666,51.858315095398424,33.138888888888886,1.0,0.0,4.29375,0.752,0.19125000000000003,0.9181681499143393,1.65,ambiguous,medium,0.25,3,17
Offline teacher,0.8084963415834139,6000.104166666667,34.16523327624973,32.00055555555556,1.0,0.0,4.199999999999999,0.9560000000000001,0.17333333333333334,0.9264286902631902,2.4,ambiguous,medium,0.25,3,17
LE-GRA MVP,0.794769754904678,6119.166666666666,48.67794058873578,32.635555555555555,1.0,0.0,4.239583333333333,0.772,0.18875000000000003,0.912858532438211,1.75,ambiguous,medium,0.25,3,17
No grouping,0.7243355991373773,5857.5,59.90760084142437,31.24,1.0,0.0,4.1,0.5459999999999999,0.24625,1.0,1.0,ambiguous,medium,0.25,3,23
CQI k-means,0.8093663580915518,6415.625000000001,54.07304771032376,34.21666666666666,1.0,0.0,4.395833333333332,0.74,0.19791666666666666,0.9160588687493455,1.7,ambiguous,medium,0.25,3,23
Resource-cost k-means,0.8084619603149636,6459.687499999999,62.39952368240519,34.45166666666666,1.0,0.0,4.437500000000001,0.64,0.22041666666666665,0.9557956722693127,1.35,ambiguous,medium,0.25,3,23
Multi-feature k-means,0.8075748272329026,6348.020833333334,50.5201132214206,33.856111111111105,1.0,0.0,4.374999999999999,0.7519999999999999,0.20624999999999996,0.9442270729636032,1.7,ambiguous,medium,0.25,3,23
Offline teacher,0.820808586911286,6212.187499999999,34.290277429685325,33.13166666666666,1.0,0.0,4.285416666666667,0.976,0.18166666666666664,0.9358960283521413,2.55,ambiguous,medium,0.25,3,23
LE-GRA MVP,0.8090773625171421,6240.312500000002,49.526306774073376,33.28166666666666,1.0,0.0,4.308333333333332,0.786,0.19041666666666665,0.9219631028781523,1.9,ambiguous,medium,0.25,3,23
No grouping,0.34791070304616456,2430.0,40.12433862433862,32.4,1.0,0.0,2.1,0.7099999999999999,0.30625,1.0,1.0,ambiguous,heavy,0.1,3,9
CQI k-means,0.49174157226136456,2772.291666666667,43.733289241622565,36.96388888888889,1.0,0.0,2.50625,0.8699999999999999,0.2316666666666667,0.8538597584481418,1.55,ambiguous,heavy,0.1,3,9
Resource-cost k-means,0.45973635428030873,2653.958333333333,42.697255291005284,35.38611111111111,0.99375,0.00625,2.4533432147562584,0.8299999999999998,0.24416666666666664,0.9270438804932726,1.55,ambiguous,heavy,0.1,3,9
Multi-feature k-means,0.4894201832288836,2782.916666666667,43.85582010582011,37.105555555555554,1.0,0.0,2.5020833333333337,0.8699999999999999,0.2325,0.8563177558114985,1.5,ambiguous,heavy,0.1,3,9
Offline teacher,0.5120270540440343,2870.4166666666665,44.927733686067015,38.272222222222226,0.9979166666666668,0.0020833333333333316,2.591304347826087,0.8799999999999999,0.21958333333333338,0.8655584835515484,1.6,ambiguous,heavy,0.1,3,9
LE-GRA MVP,0.4734542314326248,2643.6458333333335,42.19926146384479,35.24861111111111,1.0,0.0,2.4354166666666663,0.85,0.24166666666666664,0.9199345369464451,1.5,ambiguous,heavy,0.1,3,9
No grouping,0.532591744707442,3400.0,56.32037037037037,45.33333333333333,1.0,0.0,2.75,0.725,0.2458333333333333,1.0,1.0,ambiguous,heavy,0.1,3,17
CQI k-means,0.6042441265986864,3573.75,57.551344797178125,47.65,1.0,0.0,2.9562500000000003,0.8400000000000001,0.20958333333333337,0.9205547599232267,1.3,ambiguous,heavy,0.1,3,17
Resource-cost k-means,0.5930625925441503,3514.5833333333335,56.934678130511465,46.86111111111111,1.0,0.0,2.9166666666666665,0.8300000000000001,0.21750000000000003,0.9503371817066286,1.35,ambiguous,heavy,0.1,3,17
Multi-feature k-means,0.597379598605565,3536.25,55.98251763668431,47.15,1.0,0.0,2.9312500000000004,0.8450000000000001,0.21375000000000002,0.9280690218145443,1.35,ambiguous,heavy,0.1,3,17
Offline teacher,0.6201212330897741,3765.7291666666665,58.68961640211639,50.209722222222226,0.9979166666666668,0.0020833333333333316,3.0395833333333333,0.8699999999999999,0.19749999999999998,0.8985233594141839,1.3,ambiguous,heavy,0.1,3,17
LE-GRA MVP,0.6092881835438465,3584.0625,57.68375220458554,47.7875,1.0,0.0,2.964583333333333,0.845,0.20791666666666667,0.9199921624043697,1.3,ambiguous,heavy,0.1,3,17
No grouping,0.5831482701994799,3745.0,59.836772486772475,49.93333333333334,1.0,0.0,3.0,0.775,0.23291666666666666,1.0,1.0,ambiguous,heavy,0.1,3,23
CQI k-means,0.6419733505742221,4013.2291666666665,62.75628306878308,53.50972222222223,1.0,0.0,3.1791666666666667,0.85,0.19458333333333336,0.9055146979686558,1.35,ambiguous,heavy,0.1,3,23
Resource-cost k-means,0.6388187726780028,3881.979166666667,61.006977513227525,51.759722222222216,1.0,0.0,3.1520833333333336,0.8450000000000001,0.20583333333333337,0.9637055555050242,1.35,ambiguous,heavy,0.1,3,23
Multi-feature k-means,0.6374409099250029,3915.7291666666665,61.82595899470899,52.20972222222222,1.0,0.0,3.1499999999999995,0.8299999999999998,0.20125,0.9488346695665044,1.35,ambiguous,heavy,0.1,3,23
Offline teacher,0.6569707637819431,4000.520833333333,62.28838183421517,53.34027777777777,1.0,0.0,3.2229166666666673,0.8600000000000001,0.19583333333333336,0.9586607763126833,1.35,ambiguous,heavy,0.1,3,23
LE-GRA MVP,0.6423207335507213,3970.8333333333335,61.95103615520283,52.94444444444444,1.0,0.0,3.177083333333333,0.85,0.2,0.9428414416129611,1.4,ambiguous,heavy,0.1,3,23
