dispersion,load,method,mean_utility,mean_diff_vs_cqi,diff_vs_cqi_ci95_low,diff_vs_cqi_ci95_high,seeds_win_vs_cqi,seeds_tie_vs_cqi,seeds_loss_vs_cqi,mean_diff_vs_3way,diff_vs_3way_ci95_low,diff_vs_3way_ci95_high,seeds_win_vs_3way,seeds_tie_vs_3way,seeds_loss_vs_3way
low,light,CQI k-means,0.9290781116502738,0.0,0.0,0.0,0,20,0,0.0,0.0,0.0,0,20,0
low,light,CQI+cost 2-way union,0.9290781116502738,0.0,0.0,0.0,0,20,0,0.0,0.0,0.0,0,20,0
low,light,CQI+cost+switching 3-way union,0.9290781116502738,0.0,0.0,0.0,0,20,0,0.0,0.0,0.0,0,20,0
low,light,CQI+cost+regret-graph 3-way union,0.9290781116502738,0.0,0.0,0.0,0,20,0,0.0,0.0,0.0,0,20,0
low,light,CQI+cost+switching+regret-graph 4-way union,0.9290781116502738,0.0,0.0,0.0,0,20,0,0.0,0.0,0.0,0,20,0
low,medium,CQI k-means,0.746157940883853,0.0,0.0,0.0,0,20,0,0.0,0.0,0.0,0,20,0
low,medium,CQI+cost 2-way union,0.746157940883853,0.0,0.0,0.0,0,20,0,0.0,0.0,0.0,0,20,0
low,medium,CQI+cost+switching 3-way union,0.746157940883853,0.0,0.0,0.0,0,20,0,0.0,0.0,0.0,0,20,0
low,medium,CQI+cost+regret-graph 3-way union,0.7457136843904868,-0.00044425649336619075,-0.001110641233415477,0.0,0,18,2,-0.00044425649336619075,-0.001110641233415477,0.0,0,18,2
low,medium,CQI+cost+switching+regret-graph 4-way union,0.7457136843904868,-0.00044425649336619075,-0.001110641233415477,0.0,0,18,2,-0.00044425649336619075,-0.001110641233415477,0.0,0,18,2
low,heavy,CQI k-means,0.5559363916924875,0.0,0.0,0.0,0,20,0,0.0,0.0,0.0,0,20,0
low,heavy,CQI+cost 2-way union,0.5559363916924875,0.0,0.0,0.0,0,20,0,0.0,0.0,0.0,0,20,0
low,heavy,CQI+cost+switching 3-way union,0.5559363916924875,0.0,0.0,0.0,0,20,0,0.0,0.0,0.0,0,20,0
low,heavy,CQI+cost+regret-graph 3-way union,0.5559363916924875,0.0,0.0,0.0,0,20,0,0.0,0.0,0.0,0,20,0
low,heavy,CQI+cost+switching+regret-graph 4-way union,0.5559363916924875,0.0,0.0,0.0,0,20,0,0.0,0.0,0.0,0,20,0
mid,light,CQI k-means,0.6977295737040656,0.0,0.0,0.0,0,20,0,-0.01999770246469763,-0.025910808959335622,-0.013691536023445647,1,0,19
mid,light,CQI+cost 2-way union,0.7176577554500907,0.01992818174602503,0.01358050384980751,0.026028560612087876,19,0,1,-6.95207186725999e-05,-0.001169197067870657,0.0011481777638135677,4,7,9
mid,light,CQI+cost+switching 3-way union,0.7177272761687632,0.01999770246469763,0.01368417620011751,0.025961565399013616,19,0,1,0.0,0.0,0.0,0,20,0
mid,light,CQI+cost+regret-graph 3-way union,0.7189081102318763,0.021178536527810626,0.01459294577319288,0.027462162621038323,19,0,1,0.0011808340631129955,-0.00017759076667558547,0.002632491945088616,12,1,7
mid,light,CQI+cost+switching+regret-graph 4-way union,0.718388762808108,0.020659189104042346,0.014191196471932555,0.0270586196293754,18,0,2,0.000661486639344716,-0.0006686789718537922,0.001673062234781964,11,8,1
mid,medium,CQI k-means,0.5263726391132577,0.0,0.0,0.0,0,20,0,-0.012419836718477512,-0.017582928690063445,-0.007597488254942473,2,0,18
mid,medium,CQI+cost 2-way union,0.5380930170456895,0.011720377932431737,0.007085315087517255,0.016967102331976194,18,0,2,-0.0006994587860457757,-0.0017941159008775934,0.0004593545961086537,1,10,9
mid,medium,CQI+cost+switching 3-way union,0.5387924758317352,0.012419836718477512,0.007628943211339279,0.017599520221288273,18,0,2,0.0,0.0,0.0,0,20,0
mid,medium,CQI+cost+regret-graph 3-way union,0.5394015595582458,0.013028920444988096,0.00791181557206287,0.018580425866705746,18,0,2,0.0006090837265105842,-0.000878657106699421,0.002347485641238838,9,3,8
mid,medium,CQI+cost+switching+regret-graph 4-way union,0.5401737584491384,0.013801119335880746,0.008802237054406465,0.0192792750129384,18,0,2,0.0013812826174032344,0.0004256217855854958,0.002304388698125693,11,8,1
mid,heavy,CQI k-means,0.2629473901917176,0.0,0.0,0.0,0,20,0,-0.0030115944422312,-0.004966870476517921,-0.0013959337029810321,0,10,10
mid,heavy,CQI+cost 2-way union,0.2657450948721388,0.0027977046804212925,0.0011927282292544864,0.004738293332477372,10,10,0,-0.00021388976180990727,-0.0006416692854297218,0.0,0,19,1
mid,heavy,CQI+cost+switching 3-way union,0.2659589846339487,0.0030115944422312,0.0013717447247155177,0.004895079328298859,10,10,0,0.0,0.0,0.0,0,20,0
mid,heavy,CQI+cost+regret-graph 3-way union,0.266749463443188,0.003802073251470453,0.0018899596586298912,0.006105337764572845,12,8,0,0.0007904788092392534,-0.00018412785704799428,0.001878593164117366,5,14,1
mid,heavy,CQI+cost+switching+regret-graph 4-way union,0.26696335320499787,0.00401596301328036,0.0020698296450342626,0.006275729579515446,12,8,0,0.0010043685710491607,0.00019656055558718853,0.0019789752373364083,5,15,0
high,light,CQI k-means,0.3913231791429217,0.0,0.0,0.0,0,20,0,-0.031066546824385262,-0.035503347063047294,-0.02666805382191269,0,0,20
high,light,CQI+cost 2-way union,0.41977658132562096,0.02845340218269927,0.02362920611818569,0.03326009463274724,20,0,0,-0.002613144641685988,-0.004135923570854301,-0.001065751538472892,2,1,17
high,light,CQI+cost+switching 3-way union,0.42238972596730695,0.031066546824385262,0.026582347134698436,0.035454816069919744,20,0,0,0.0,0.0,0.0,0,20,0
high,light,CQI+cost+regret-graph 3-way union,0.43428338938832206,0.04296021024540033,0.03775422184574697,0.04787686113289884,20,0,0,0.011893663421015072,0.008380291718755145,0.01564576536725588,18,0,2
high,light,CQI+cost+switching+regret-graph 4-way union,0.4361833956995037,0.04486021655658202,0.04018899863866472,0.04929395479762083,20,0,0,0.013793669732196761,0.010581406644987168,0.0171760064692491,20,0,0
high,medium,CQI k-means,0.2155467701183802,0.0,0.0,0.0,0,20,0,-0.020691451352590616,-0.026413606633824197,-0.015090617986252311,0,0,20
high,medium,CQI+cost 2-way union,0.23124399704930054,0.01569722693092035,0.009920219970706296,0.021464996637130893,18,0,2,-0.004994224421670267,-0.007663962347626328,-0.002572158634278904,3,3,14
high,medium,CQI+cost+switching 3-way union,0.2362382214709708,0.020691451352590616,0.015130333544080613,0.026476912879063536,20,0,0,0.0,0.0,0.0,0,20,0
high,medium,CQI+cost+regret-graph 3-way union,0.24702652028871902,0.03147975017033879,0.025839147535436927,0.037801331304884965,20,0,0,0.010788298817748183,0.007187554128042866,0.014496033790944702,19,0,1
high,medium,CQI+cost+switching+regret-graph 4-way union,0.2488807806441385,0.03333401052575826,0.02776055712683098,0.03936160649423065,20,0,0,0.012642559173167645,0.009117851288152304,0.01633961629130442,20,0,0
high,heavy,CQI k-means,-0.12711623876228287,0.0,0.0,0.0,0,20,0,-0.05050382151669475,-0.06984824392167223,-0.03297524947312636,2,0,18
high,heavy,CQI+cost 2-way union,-0.0766928469274322,0.05042339183485067,0.03301073757229634,0.07011582776733731,19,0,1,-8.04296818440799e-05,-0.0004127071419085944,0.00023094190590016404,1,17,2
high,heavy,CQI+cost+switching 3-way union,-0.07661241724558812,0.05050382151669475,0.03292254941504677,0.07005838484913154,18,0,2,0.0,0.0,0.0,0,20,0
high,heavy,CQI+cost+regret-graph 3-way union,-0.03863846343018331,0.08847777533209958,0.06613724621720922,0.11208447552467433,19,0,1,0.03797395381540482,0.026607146522848877,0.04955493436066655,19,0,1
high,heavy,CQI+cost+switching+regret-graph 4-way union,-0.038623965336462895,0.08849227342582001,0.0657819382870632,0.11206638262380639,19,0,1,0.03798845190912523,0.026780785665729896,0.049825202597829917,20,0,0
