scenario_mode,load_level,rb_budget_ratio,seed,kmax,feature_mode,method,pairwise_accuracy,ari,nmi,teacher_groups,predicted_groups
aligned,light,0.5,9,3,history_cost,Multi-feature k-means,0.5507246376811594,0.04343451282911292,0.19001803863939187,3,3
aligned,light,0.5,9,3,history_cost,LE-GRA MVP,0.4855072463768116,-0.03797870649928495,0.015736205753039276,3,2
aligned,light,0.5,9,3,history_cost,Multi-feature k-means,0.6159420289855072,0.20270343925437403,0.40597532292602767,3,3
aligned,light,0.5,9,3,history_cost,LE-GRA MVP,0.8840579710144928,0.767076322590854,0.7241494426540054,3,2
aligned,light,0.5,9,3,history_cost,Multi-feature k-means,0.5398550724637681,0.033101621979476956,0.16779201891853548,3,3
aligned,light,0.5,9,3,history_cost,LE-GRA MVP,0.5579710144927537,-0.03029190380025704,0.05548114743899613,3,3
aligned,light,0.5,9,3,history_cost,Multi-feature k-means,0.8333333333333334,0.659679408138101,0.7245569711380728,3,3
aligned,light,0.5,9,3,history_cost,LE-GRA MVP,0.6884057971014492,0.37847604084838954,0.2797743342158761,3,2
aligned,light,0.5,9,3,history_cost,Multi-feature k-means,0.6304347826086957,0.22236340533672172,0.4361376154059492,3,3
aligned,light,0.5,9,3,history_cost,LE-GRA MVP,0.8478260869565217,0.7024793388429752,0.8040437347901577,3,2
aligned,light,0.5,9,3,history_cost,Multi-feature k-means,0.5978260869565217,0.19319498577899502,0.37849085028639035,2,3
aligned,light,0.5,9,3,history_cost,LE-GRA MVP,0.5181159420289855,0.036939867772064185,0.06232497478290656,2,3
aligned,light,0.5,9,3,history_cost,Multi-feature k-means,0.7391304347826086,0.46335403726708074,0.5245898230224497,3,3
aligned,light,0.5,9,3,history_cost,LE-GRA MVP,0.7246376811594203,0.4161331626120358,0.5194339997901186,3,3
aligned,light,0.5,9,3,history_cost,Multi-feature k-means,0.6811594202898551,0.3543516401722579,0.5307238646919051,3,3
aligned,light,0.5,9,3,history_cost,LE-GRA MVP,0.6666666666666666,0.33664245780866286,0.2344657079868095,3,2
aligned,light,0.5,9,3,history_cost,Multi-feature k-means,0.9166666666666666,0.0,0.0,2,1
aligned,light,0.5,9,3,history_cost,LE-GRA MVP,0.9166666666666666,0.0,0.0,2,1
aligned,light,0.5,9,3,history_cost,Multi-feature k-means,0.6014492753623188,0.17629822562265993,0.33828589766244893,3,3
aligned,light,0.5,9,3,history_cost,LE-GRA MVP,0.6739130434782609,0.3205317577548006,0.41327416652838284,3,3
aligned,light,0.5,9,3,history_cost,Multi-feature k-means,0.5615942028985508,0.12985930171964563,0.21957707938091706,3,2
aligned,light,0.5,9,3,history_cost,LE-GRA MVP,0.8333333333333334,0.600880226343917,0.48952386802782666,3,2
aligned,light,0.5,9,3,history_cost,Multi-feature k-means,0.6739130434782609,0.3452475090937846,0.5322735589718287,3,3
aligned,light,0.5,9,3,history_cost,LE-GRA MVP,0.8478260869565217,0.6915216349992016,0.7251757027253889,3,3
aligned,light,0.5,9,3,history_cost,Multi-feature k-means,0.4855072463768116,0.03081260200801226,0.2909838824789769,3,3
aligned,light,0.5,9,3,history_cost,LE-GRA MVP,0.5905797101449275,0.0,0.0,3,1
aligned,light,0.5,9,3,history_cost,Multi-feature k-means,1.0,1.0,1.0,2,2
aligned,light,0.5,9,3,history_cost,LE-GRA MVP,0.6739130434782609,0.4103963921196298,0.6950209363806237,2,3
aligned,light,0.5,9,3,history_cost,Multi-feature k-means,0.6884057971014492,0.33930857874519843,0.3645917956814267,3,3
aligned,light,0.5,9,3,history_cost,LE-GRA MVP,0.6666666666666666,0.34828807556080277,0.3387979797695031,3,2
aligned,light,0.5,9,3,history_cost,Multi-feature k-means,0.8405797101449275,0.6668678334339168,0.6067817385799833,2,2
aligned,light,0.5,9,3,history_cost,LE-GRA MVP,0.9166666666666666,0.8212233862791484,0.7439763872715025,2,2
aligned,light,0.5,9,3,history_cost,Multi-feature k-means,0.7644927536231884,0.0,0.0,3,1
aligned,light,0.5,9,3,history_cost,LE-GRA MVP,0.7644927536231884,0.0,0.0,3,1
aligned,light,0.5,9,3,history_cost,Multi-feature k-means,0.45652173913043476,0.04162229732858002,0.13663061620014835,3,3
aligned,light,0.5,9,3,history_cost,LE-GRA MVP,0.7644927536231884,0.0,0.0,3,1
aligned,light,0.5,9,3,history_cost,Multi-feature k-means,0.75,0.5006816990036707,0.49810465314797664,3,2
aligned,light,0.5,9,3,history_cost,LE-GRA MVP,0.75,0.5006816990036707,0.49810465314797664,3,2
aligned,light,0.5,9,3,history_cost,Multi-feature k-means,1.0,1.0,1.0,2,2
aligned,light,0.5,9,3,history_cost,LE-GRA MVP,0.9166666666666666,0.8330703692016409,0.7793006979193456,2,2
aligned,light,0.5,17,3,history_cost,Multi-feature k-means,0.6231884057971014,0.24431339511373207,0.40901141717519274,3,2
aligned,light,0.5,17,3,history_cost,LE-GRA MVP,0.6231884057971014,0.24431339511373207,0.4090114171751927,3,2
aligned,light,0.5,17,3,history_cost,Multi-feature k-means,0.6920289855072463,0.3256295274232494,0.38283841241685096,3,3
aligned,light,0.5,17,3,history_cost,LE-GRA MVP,0.6594202898550725,0.2981658821619867,0.36327278979800337,3,3
aligned,light,0.5,17,3,history_cost,Multi-feature k-means,0.6123188405797102,0.17480719794344474,0.3533393021809017,3,3
aligned,light,0.5,17,3,history_cost,LE-GRA MVP,0.7463768115942029,0.4896719319562576,0.462162713265228,3,2
aligned,light,0.5,17,3,history_cost,Multi-feature k-means,0.5688405797101449,0.17535402229587232,0.36744084698647633,2,3
aligned,light,0.5,17,3,history_cost,LE-GRA MVP,0.6557971014492754,0.3169740543919975,0.39588357741202185,2,2
aligned,light,0.5,17,3,history_cost,Multi-feature k-means,0.5,-0.013463892288861653,0.02609110951771466,3,3
aligned,light,0.5,17,3,history_cost,LE-GRA MVP,0.5760869565217391,0.1570429153179493,0.16836340938198716,3,2
aligned,light,0.5,17,3,history_cost,Multi-feature k-means,0.5507246376811594,0.20774109912495947,0.3492325471758455,3,3
aligned,light,0.5,17,3,history_cost,LE-GRA MVP,0.7644927536231884,0.0,0.0,3,1
aligned,light,0.5,17,3,history_cost,Multi-feature k-means,0.4855072463768116,-0.06021749715955199,0.044850087038068635,3,3
aligned,light,0.5,17,3,history_cost,LE-GRA MVP,0.5507246376811594,-0.04718193501009732,0.03211552456113357,3,3
aligned,light,0.5,17,3,history_cost,Multi-feature k-means,0.572463768115942,0.14109393955377397,0.24884217350087404,3,2
aligned,light,0.5,17,3,history_cost,LE-GRA MVP,0.4384057971014493,0.0,0.0,3,1
aligned,light,0.5,17,3,history_cost,Multi-feature k-means,0.5760869565217391,0.21522309711286086,0.4148726829494013,2,3
aligned,light,0.5,17,3,history_cost,LE-GRA MVP,0.7391304347826086,0.49264705882352944,0.5306090397839758,2,3
aligned,light,0.5,17,3,history_cost,Multi-feature k-means,0.5253623188405797,0.058143169740543885,0.11420246605904637,3,2
aligned,light,0.5,17,3,history_cost,LE-GRA MVP,0.5797101449275363,0.02055800293685753,0.1409516380689643,3,3
aligned,light,0.5,17,3,history_cost,Multi-feature k-means,0.8152173913043478,0.626552053486151,0.659388711223644,3,2
aligned,light,0.5,17,3,history_cost,LE-GRA MVP,0.8405797101449275,0.6618212197159565,0.6030272570684214,3,3
aligned,light,0.5,17,3,history_cost,Multi-feature k-means,0.5,-0.012494018820777306,0.05544002054135646,3,2
aligned,light,0.5,17,3,history_cost,LE-GRA MVP,0.6159420289855072,0.1310959310959311,0.23359728903137883,3,3
aligned,light,0.5,17,3,history_cost,Multi-feature k-means,0.8369565217391305,0.0,0.0,3,1
aligned,light,0.5,17,3,history_cost,LE-GRA MVP,0.8369565217391305,0.0,0.0,3,1
aligned,light,0.5,17,3,history_cost,Multi-feature k-means,0.5905797101449275,0.17202930869703728,0.3824702836262387,2,3
aligned,light,0.5,17,3,history_cost,LE-GRA MVP,0.6557971014492754,0.3016938318951742,0.4602091563554297,2,3
aligned,light,0.5,17,3,history_cost,Multi-feature k-means,0.44565217391304346,-0.008213160156622962,0.1864427451766723,3,3
aligned,light,0.5,17,3,history_cost,LE-GRA MVP,0.4782608695652174,0.06091394546571528,0.15770605371028426,3,3
aligned,light,0.5,17,3,history_cost,Multi-feature k-means,0.4855072463768116,-0.015915806936596,0.11116829242298515,3,3
aligned,light,0.5,17,3,history_cost,LE-GRA MVP,0.6086956521739131,0.22901039780663182,0.22773882820344132,3,3
aligned,light,0.5,17,3,history_cost,Multi-feature k-means,0.4782608695652174,-0.018189270892042805,0.20374076522192616,3,2
aligned,light,0.5,17,3,history_cost,LE-GRA MVP,0.4891304347826087,-0.025292443882390145,0.04946943914810093,3,2
aligned,light,0.5,17,3,history_cost,Multi-feature k-means,0.6884057971014492,0.39147823411782795,0.5826589894472148,3,3
aligned,light,0.5,17,3,history_cost,LE-GRA MVP,0.6992753623188406,0.4124345952600801,0.589614709241051,3,3
aligned,light,0.5,17,3,history_cost,Multi-feature k-means,0.6485507246376812,0.29894207604483086,0.24018013962430937,3,2
aligned,light,0.5,17,3,history_cost,LE-GRA MVP,0.5217391304347826,0.042220936957779134,0.1103747201282283,3,2
aligned,light,0.5,17,3,history_cost,Multi-feature k-means,0.6920289855072463,0.3600654664484451,0.48152732020717004,3,3
aligned,light,0.5,17,3,history_cost,LE-GRA MVP,0.6956521739130435,0.3929300864100549,0.46147270258030515,3,2
aligned,light,0.5,23,3,history_cost,Multi-feature k-means,0.6666666666666666,0.34560074222978193,0.5350509163563224,3,3
aligned,light,0.5,23,3,history_cost,LE-GRA MVP,0.6159420289855072,0.24492850874929029,0.43915383072527664,3,3
aligned,light,0.5,23,3,history_cost,Multi-feature k-means,0.5108695652173914,0.07598452534470783,0.06327462509363707,3,2
aligned,light,0.5,23,3,history_cost,LE-GRA MVP,0.5108695652173914,0.02572952620018824,0.029821975290406137,3,2
aligned,light,0.5,23,3,history_cost,Multi-feature k-means,0.7318840579710145,0.4224308579831457,0.41705583662125995,3,3
aligned,light,0.5,23,3,history_cost,LE-GRA MVP,0.5543478260869565,0.035239286120268276,0.19293425696226874,3,3
aligned,light,0.5,23,3,history_cost,Multi-feature k-means,0.4311594202898551,-0.03200914547013428,0.14269544691936234,3,3
aligned,light,0.5,23,3,history_cost,LE-GRA MVP,0.4891304347826087,-0.017571383746470062,0.07210512021625791,3,2
aligned,light,0.5,23,3,history_cost,Multi-feature k-means,0.7934782608695652,0.5346112886048988,0.6316789303279396,3,3
aligned,light,0.5,23,3,history_cost,LE-GRA MVP,0.7608695652173914,0.46246458923512745,0.5316183983215238,3,3
aligned,light,0.5,23,3,history_cost,Multi-feature k-means,0.4492753623188406,0.001380623661033102,0.12014284214923994,3,3
aligned,light,0.5,23,3,history_cost,LE-GRA MVP,0.5108695652173914,0.025525682602782703,0.0313525187095714,3,2
aligned,light,0.5,23,3,history_cost,Multi-feature k-means,0.5471014492753623,0.12409871026708642,0.2605722568362358,3,3
aligned,light,0.5,23,3,history_cost,LE-GRA MVP,0.5144927536231884,0.06288957583742968,0.15977260705127344,3,3
aligned,light,0.5,23,3,history_cost,Multi-feature k-means,0.5144927536231884,0.01737605611350226,0.24432386822522256,3,3
aligned,light,0.5,23,3,history_cost,LE-GRA MVP,0.4492753623188406,-0.09598202622916566,0.08111724977075772,3,2
aligned,light,0.5,23,3,history_cost,Multi-feature k-means,0.9166666666666666,0.8330703692016408,0.7900600366396731,2,2
aligned,light,0.5,23,3,history_cost,LE-GRA MVP,0.8405797101449275,0.6814103573115063,0.6576884190648897,2,2
aligned,light,0.5,23,3,history_cost,Multi-feature k-means,0.5688405797101449,0.13285457809694795,0.2532428293083738,3,3
aligned,light,0.5,23,3,history_cost,LE-GRA MVP,0.677536231884058,0.352693159059766,0.3275779651901748,3,3
aligned,light,0.5,23,3,history_cost,Multi-feature k-means,0.9782608695652174,0.9562529719448407,0.8870960251354952,3,3
aligned,light,0.5,23,3,history_cost,LE-GRA MVP,0.7753623188405797,0.5576237009461765,0.6877168979255955,3,3
aligned,light,0.5,23,3,history_cost,Multi-feature k-means,0.4782608695652174,-0.036781969009234576,0.008403576579352921,3,2
aligned,light,0.5,23,3,history_cost,LE-GRA MVP,0.5797101449275363,0.16481452496478327,0.2497431248056467,3,2
aligned,light,0.5,23,3,history_cost,Multi-feature k-means,0.532608695652174,0.05096492163343643,0.22602895084382432,3,3
aligned,light,0.5,23,3,history_cost,LE-GRA MVP,0.5434782608695652,0.05812252857375006,0.1643740519190469,3,3
aligned,light,0.5,23,3,history_cost,Multi-feature k-means,0.5905797101449275,0.1531443466927338,0.20627482504912945,3,3
aligned,light,0.5,23,3,history_cost,LE-GRA MVP,0.5362318840579711,0.05078187973561177,0.1739688731592965,3,3
aligned,light,0.5,23,3,history_cost,Multi-feature k-means,0.5905797101449275,0.0,0.0,3,1
aligned,light,0.5,23,3,history_cost,LE-GRA MVP,0.6195652173913043,0.2642429166243525,0.22154258704535673,3,3
aligned,light,0.5,23,3,history_cost,Multi-feature k-means,0.5652173913043478,0.10141624613381083,0.11334842085075823,3,3
aligned,light,0.5,23,3,history_cost,LE-GRA MVP,0.5471014492753623,0.11329289606250643,0.16216439171016753,3,2
aligned,light,0.5,23,3,history_cost,Multi-feature k-means,0.7608695652173914,0.511504424778761,0.3938487013623144,3,2
aligned,light,0.5,23,3,history_cost,LE-GRA MVP,0.4782608695652174,-0.04694167852062591,0.20312602722610684,3,2
aligned,light,0.5,23,3,history_cost,Multi-feature k-means,0.6014492753623188,0.19362549800796816,0.2513015317786807,3,2
aligned,light,0.5,23,3,history_cost,LE-GRA MVP,0.7028985507246377,0.3591210284872855,0.338365069056102,3,2
aligned,light,0.5,23,3,history_cost,Multi-feature k-means,0.6884057971014492,0.378931393584175,0.42931322884010814,3,2
aligned,light,0.5,23,3,history_cost,LE-GRA MVP,0.9782608695652174,0.9559504176198329,0.9135712858791615,3,2
aligned,light,0.5,23,3,history_cost,Multi-feature k-means,0.8152173913043478,0.6085215263099344,0.7272565717366263,3,3
aligned,light,0.5,23,3,history_cost,LE-GRA MVP,0.6231884057971014,0.2512130223822195,0.42009367002401626,3,2
aligned,medium,0.25,9,3,history_cost,Multi-feature k-means,0.5507246376811594,0.04343451282911292,0.19001803863939187,3,3
aligned,medium,0.25,9,3,history_cost,LE-GRA MVP,0.4855072463768116,-0.03797870649928495,0.015736205753039276,3,2
aligned,medium,0.25,9,3,history_cost,Multi-feature k-means,0.8188405797101449,0.641614293876279,0.5955420977975451,3,2
aligned,medium,0.25,9,3,history_cost,LE-GRA MVP,0.7898550724637681,0.5784928116277845,0.5767736143362568,3,2
aligned,medium,0.25,9,3,history_cost,Multi-feature k-means,0.5942028985507246,0.2546296296296297,0.5684406223293867,2,3
aligned,medium,0.25,9,3,history_cost,LE-GRA MVP,0.6557971014492754,0.24035230038243133,0.2699804025732092,2,2
aligned,medium,0.25,9,3,history_cost,Multi-feature k-means,0.5108695652173914,0.0,0.0,2,1
aligned,medium,0.25,9,3,history_cost,LE-GRA MVP,0.5108695652173914,0.0,0.0,2,1
aligned,medium,0.25,9,3,history_cost,Multi-feature k-means,0.7391304347826086,0.4725834704602155,0.5620789493437953,3,2
aligned,medium,0.25,9,3,history_cost,LE-GRA MVP,0.6086956521739131,0.24814609292236298,0.4261894421755145,3,2
aligned,medium,0.25,9,3,history_cost,Multi-feature k-means,0.4927536231884058,0.0,0.0,2,1
aligned,medium,0.25,9,3,history_cost,LE-GRA MVP,0.4927536231884058,0.0,0.0,2,1
aligned,medium,0.25,9,3,history_cost,Multi-feature k-means,0.8586956521739131,0.714543332979739,0.7135514798110122,3,2
aligned,medium,0.25,9,3,history_cost,LE-GRA MVP,0.7717391304347826,0.5112984822934233,0.5204596419596013,3,3
aligned,medium,0.25,9,3,history_cost,Multi-feature k-means,0.5362318840579711,0.0,0.0,2,1
aligned,medium,0.25,9,3,history_cost,LE-GRA MVP,0.5362318840579711,0.0,0.0,2,1
aligned,medium,0.25,9,3,history_cost,Multi-feature k-means,0.9166666666666666,0.0,0.0,2,1
aligned,medium,0.25,9,3,history_cost,LE-GRA MVP,0.9166666666666666,0.0,0.0,2,1
aligned,medium,0.25,9,3,history_cost,Multi-feature k-means,0.6086956521739131,0.2170212765957447,0.36418430224150733,2,2
aligned,medium,0.25,9,3,history_cost,LE-GRA MVP,0.6557971014492754,0.3118110236220472,0.4197574105649155,2,2
aligned,medium,0.25,9,3,history_cost,Multi-feature k-means,0.8659420289855072,0.7312348668280871,0.6986922017306776,3,2
aligned,medium,0.25,9,3,history_cost,LE-GRA MVP,0.9130434782608695,0.8184110970996216,0.8029407770225223,3,3
aligned,medium,0.25,9,3,history_cost,Multi-feature k-means,0.9202898550724637,0.8401179630312287,0.8234208138400332,3,3
aligned,medium,0.25,9,3,history_cost,LE-GRA MVP,0.8478260869565217,0.6937060719759023,0.6551691264507344,3,3
aligned,medium,0.25,9,3,history_cost,Multi-feature k-means,0.4855072463768116,0.03081260200801226,0.2909838824789769,3,3
aligned,medium,0.25,9,3,history_cost,LE-GRA MVP,0.5905797101449275,0.0,0.0,3,1
aligned,medium,0.25,9,3,history_cost,Multi-feature k-means,0.6557971014492754,0.3446965910226932,0.5159862516265016,3,3
aligned,medium,0.25,9,3,history_cost,LE-GRA MVP,0.6594202898550725,0.37360567869042444,0.6183425660309502,3,3
aligned,medium,0.25,9,3,history_cost,Multi-feature k-means,0.7717391304347826,0.543238415467059,0.5648391060202322,2,2
aligned,medium,0.25,9,3,history_cost,LE-GRA MVP,0.6557971014492754,0.31296509799811345,0.27036186911570453,2,2
aligned,medium,0.25,9,3,history_cost,Multi-feature k-means,1.0,1.0,0.9999999999999998,2,2
aligned,medium,0.25,9,3,history_cost,LE-GRA MVP,1.0,1.0,0.9999999999999998,2,2
aligned,medium,0.25,9,3,history_cost,Multi-feature k-means,0.7717391304347826,0.0,0.0,2,1
aligned,medium,0.25,9,3,history_cost,LE-GRA MVP,0.7717391304347826,0.0,0.0,2,1
aligned,medium,0.25,9,3,history_cost,Multi-feature k-means,0.7717391304347826,0.0,0.0,2,1
aligned,medium,0.25,9,3,history_cost,LE-GRA MVP,0.7717391304347826,0.0,0.0,2,1
aligned,medium,0.25,9,3,history_cost,Multi-feature k-means,1.0,1.0,1.0,2,2
aligned,medium,0.25,9,3,history_cost,LE-GRA MVP,1.0,1.0,1.0,2,2
aligned,medium,0.25,9,3,history_cost,Multi-feature k-means,0.6811594202898551,0.3380934212677822,0.616764232241805,3,3
aligned,medium,0.25,9,3,history_cost,LE-GRA MVP,0.7318840579710145,0.4381911206469715,0.663314774942847,3,3
aligned,medium,0.25,17,3,history_cost,Multi-feature k-means,0.6231884057971014,0.24431339511373207,0.40901141717519274,3,2
aligned,medium,0.25,17,3,history_cost,LE-GRA MVP,0.6231884057971014,0.24431339511373207,0.4090114171751927,3,2
aligned,medium,0.25,17,3,history_cost,Multi-feature k-means,0.7717391304347826,0.5446737194930344,0.5553500579538704,2,2
aligned,medium,0.25,17,3,history_cost,LE-GRA MVP,0.48188405797101447,0.0,0.0,2,1
aligned,medium,0.25,17,3,history_cost,Multi-feature k-means,0.4927536231884058,0.0,0.0,2,1
aligned,medium,0.25,17,3,history_cost,LE-GRA MVP,0.4927536231884058,0.0,0.0,2,1
aligned,medium,0.25,17,3,history_cost,Multi-feature k-means,0.8333333333333334,0.6609879839786382,0.665725436739322,3,3
aligned,medium,0.25,17,3,history_cost,LE-GRA MVP,0.6884057971014492,0.37500658275843907,0.45450853146165643,3,2
aligned,medium,0.25,17,3,history_cost,Multi-feature k-means,0.5,-0.013463892288861653,0.02609110951771466,3,3
aligned,medium,0.25,17,3,history_cost,LE-GRA MVP,0.4601449275362319,0.0,0.0,3,1
aligned,medium,0.25,17,3,history_cost,Multi-feature k-means,0.7717391304347826,0.0,0.0,2,1
aligned,medium,0.25,17,3,history_cost,LE-GRA MVP,0.7717391304347826,0.0,0.0,2,1
aligned,medium,0.25,17,3,history_cost,Multi-feature k-means,0.5072463768115942,0.03837679971307068,0.12055713551106072,2,3
aligned,medium,0.25,17,3,history_cost,LE-GRA MVP,0.4492753623188406,0.01627350748018571,0.1317507083238729,2,3
aligned,medium,0.25,17,3,history_cost,Multi-feature k-means,0.572463768115942,0.14109393955377397,0.24884217350087404,3,2
aligned,medium,0.25,17,3,history_cost,LE-GRA MVP,0.5181159420289855,0.03450815360336664,0.0600394300585158,3,2
aligned,medium,0.25,17,3,history_cost,Multi-feature k-means,0.7971014492753623,0.5441514776145815,0.6250750516070839,3,3
aligned,medium,0.25,17,3,history_cost,LE-GRA MVP,0.8152173913043478,0.6288366206096403,0.6435490883103727,3,2
aligned,medium,0.25,17,3,history_cost,Multi-feature k-means,0.6231884057971014,0.24171818037723883,0.32159813788225333,3,2
aligned,medium,0.25,17,3,history_cost,LE-GRA MVP,0.4927536231884058,-0.020763987953716978,0.039216995864909836,3,2
aligned,medium,0.25,17,3,history_cost,Multi-feature k-means,0.9166666666666666,0.8330703692016408,0.7900600366396731,2,2
aligned,medium,0.25,17,3,history_cost,LE-GRA MVP,0.8405797101449275,0.6807403123192597,0.5845567648250811,2,2
aligned,medium,0.25,17,3,history_cost,Multi-feature k-means,0.48188405797101447,-0.021745883814849314,0.08688121350492906,3,2
aligned,medium,0.25,17,3,history_cost,LE-GRA MVP,0.4782608695652174,-0.03759398496240592,0.07738209061501672,3,2
aligned,medium,0.25,17,3,history_cost,Multi-feature k-means,0.8405797101449275,0.0,0.0,2,1
aligned,medium,0.25,17,3,history_cost,LE-GRA MVP,0.8405797101449275,0.0,0.0,2,1
aligned,medium,0.25,17,3,history_cost,Multi-feature k-means,0.6014492753623188,0.207269309102303,0.4012134853388227,2,3
aligned,medium,0.25,17,3,history_cost,LE-GRA MVP,0.6231884057971014,0.2516815266697951,0.43318154609154014,2,3
aligned,medium,0.25,17,3,history_cost,Multi-feature k-means,0.7717391304347826,0.0,0.0,2,1
aligned,medium,0.25,17,3,history_cost,LE-GRA MVP,0.7717391304347826,0.0,0.0,2,1
aligned,medium,0.25,17,3,history_cost,Multi-feature k-means,0.5688405797101449,0.0,0.0,2,1
aligned,medium,0.25,17,3,history_cost,LE-GRA MVP,0.6086956521739131,0.21504187075367354,0.15920121477248295,2,2
aligned,medium,0.25,17,3,history_cost,Multi-feature k-means,0.4782608695652174,-0.018189270892042805,0.20374076522192616,3,2
aligned,medium,0.25,17,3,history_cost,LE-GRA MVP,0.5072463768115942,-0.0046571382688293415,0.0735091689693886,3,3
aligned,medium,0.25,17,3,history_cost,Multi-feature k-means,0.9021739130434783,0.8021662949984072,0.7185130905731028,3,2
aligned,medium,0.25,17,3,history_cost,LE-GRA MVP,0.6739130434782609,0.35982681305087366,0.550240575928965,3,3
aligned,medium,0.25,17,3,history_cost,Multi-feature k-means,0.6485507246376812,0.29894207604483086,0.24018013962430937,3,2
aligned,medium,0.25,17,3,history_cost,LE-GRA MVP,0.48188405797101447,0.0,0.0,3,1
aligned,medium,0.25,17,3,history_cost,Multi-feature k-means,0.7717391304347826,0.5427579678131902,0.464230753916021,2,2
aligned,medium,0.25,17,3,history_cost,LE-GRA MVP,0.7101449275362319,0.42074610420273884,0.4844382603276358,2,2
aligned,medium,0.25,23,3,history_cost,Multi-feature k-means,0.7717391304347826,0.5443873807776963,0.545228008856072,2,2
aligned,medium,0.25,23,3,history_cost,LE-GRA MVP,0.7101449275362319,0.4231673546162286,0.4699285490644171,2,2
aligned,medium,0.25,23,3,history_cost,Multi-feature k-means,0.6702898550724637,0.30611117250524916,0.25738704533861456,3,2
aligned,medium,0.25,23,3,history_cost,LE-GRA MVP,0.6413043478260869,0.28011381599747076,0.2468806078647383,3,2
aligned,medium,0.25,23,3,history_cost,Multi-feature k-means,0.48188405797101447,0.0,0.0,2,1
aligned,medium,0.25,23,3,history_cost,LE-GRA MVP,0.6557971014492754,0.31050804670242976,0.264999900401596,2,2
aligned,medium,0.25,23,3,history_cost,Multi-feature k-means,0.4311594202898551,-0.03200914547013428,0.14269544691936234,3,3
aligned,medium,0.25,23,3,history_cost,LE-GRA MVP,0.4782608695652174,0.037349222496730096,0.16409540588734212,3,3
aligned,medium,0.25,23,3,history_cost,Multi-feature k-means,0.4927536231884058,0.0,0.0,2,1
aligned,medium,0.25,23,3,history_cost,LE-GRA MVP,0.4927536231884058,0.0,0.0,2,1
aligned,medium,0.25,23,3,history_cost,Multi-feature k-means,0.4492753623188406,0.001380623661033102,0.12014284214923994,3,3
aligned,medium,0.25,23,3,history_cost,LE-GRA MVP,0.5072463768115942,0.09695424144733673,0.23281370295110626,3,3
aligned,medium,0.25,23,3,history_cost,Multi-feature k-means,0.5362318840579711,0.06967925422657605,0.27187871100119787,2,2
aligned,medium,0.25,23,3,history_cost,LE-GRA MVP,0.7101449275362319,0.41854953389161004,0.3352600232949113,2,2
aligned,medium,0.25,23,3,history_cost,Multi-feature k-means,0.5144927536231884,0.01737605611350226,0.24432386822522256,3,3
aligned,medium,0.25,23,3,history_cost,LE-GRA MVP,0.5217391304347826,0.03766707168894292,0.1515570638892045,3,3
aligned,medium,0.25,23,3,history_cost,Multi-feature k-means,0.6195652173913043,0.2574561853028595,0.4472132308901389,2,3
aligned,medium,0.25,23,3,history_cost,LE-GRA MVP,0.5543478260869565,0.12387736141220196,0.3471815664007573,2,3
aligned,medium,0.25,23,3,history_cost,Multi-feature k-means,0.7101449275362319,0.42089802769618123,0.35267252304960084,2,2
aligned,medium,0.25,23,3,history_cost,LE-GRA MVP,0.6557971014492754,0.31339687860060755,0.2855452671396827,2,2
aligned,medium,0.25,23,3,history_cost,Multi-feature k-means,0.782608695652174,0.5684578099755042,0.6312762357190597,3,3
aligned,medium,0.25,23,3,history_cost,LE-GRA MVP,0.822463768115942,0.6360994510816919,0.7421196211521819,3,3
aligned,medium,0.25,23,3,history_cost,Multi-feature k-means,0.5144927536231884,0.020498967106308677,0.07075915957388433,3,2
aligned,medium,0.25,23,3,history_cost,LE-GRA MVP,0.5398550724637681,0.0523412998810425,0.08137394314545231,3,2
aligned,medium,0.25,23,3,history_cost,Multi-feature k-means,0.5108695652173914,0.0,0.0,2,1
aligned,medium,0.25,23,3,history_cost,LE-GRA MVP,0.6557971014492754,0.3105080467024299,0.23485224436583732,2,2
aligned,medium,0.25,23,3,history_cost,Multi-feature k-means,0.5905797101449275,0.1531443466927338,0.20627482504912945,3,3
aligned,medium,0.25,23,3,history_cost,LE-GRA MVP,0.47101449275362317,-0.07062011796588559,0.07513879083833329,3,3
aligned,medium,0.25,23,3,history_cost,Multi-feature k-means,0.6086956521739131,0.0,0.0,2,1
aligned,medium,0.25,23,3,history_cost,LE-GRA MVP,0.6086956521739131,0.2198492462311558,0.19970812941941252,2,2
aligned,medium,0.25,23,3,history_cost,Multi-feature k-means,0.5652173913043478,0.10722950024260071,0.15130243922011316,3,3
aligned,medium,0.25,23,3,history_cost,LE-GRA MVP,0.5471014492753623,0.10963146484979874,0.198991298500107,3,2
aligned,medium,0.25,23,3,history_cost,Multi-feature k-means,0.7608695652173914,0.511504424778761,0.3938487013623144,3,2
aligned,medium,0.25,23,3,history_cost,LE-GRA MVP,0.4782608695652174,-0.04694167852062591,0.20312602722610684,3,2
aligned,medium,0.25,23,3,history_cost,Multi-feature k-means,0.8731884057971014,0.7464566929133858,0.6849458596074582,3,2
aligned,medium,0.25,23,3,history_cost,LE-GRA MVP,0.7971014492753623,0.5941176470588235,0.5721469368418844,3,2
aligned,medium,0.25,23,3,history_cost,Multi-feature k-means,0.9166666666666666,0.8332457707260691,0.7883677534360921,2,2
aligned,medium,0.25,23,3,history_cost,LE-GRA MVP,0.8405797101449275,0.6809583858764187,0.6615503157189729,2,2
aligned,medium,0.25,23,3,history_cost,Multi-feature k-means,0.7210144927536232,0.41402889599647075,0.5557507361062294,3,3
aligned,medium,0.25,23,3,history_cost,LE-GRA MVP,0.7644927536231884,0.48132300219729385,0.583674179638475,3,3
aligned,heavy,0.1,9,3,history_cost,Multi-feature k-means,1.0,1.0,1.0,1,1
aligned,heavy,0.1,9,3,history_cost,LE-GRA MVP,1.0,1.0,1.0,1,1
aligned,heavy,0.1,9,3,history_cost,Multi-feature k-means,0.6376811594202898,0.2674770423058549,0.4400893175503647,2,3
aligned,heavy,0.1,9,3,history_cost,LE-GRA MVP,1.0,1.0,1.0,2,2
aligned,heavy,0.1,9,3,history_cost,Multi-feature k-means,1.0,1.0,1.0,1,1
aligned,heavy,0.1,9,3,history_cost,LE-GRA MVP,1.0,1.0,1.0,1,1
aligned,heavy,0.1,9,3,history_cost,Multi-feature k-means,1.0,1.0,1.0,1,1
aligned,heavy,0.1,9,3,history_cost,LE-GRA MVP,1.0,1.0,1.0,1,1
aligned,heavy,0.1,9,3,history_cost,Multi-feature k-means,0.8007246376811594,0.597005415737496,0.6581510824172864,3,2
aligned,heavy,0.1,9,3,history_cost,LE-GRA MVP,0.6920289855072463,0.31619447359216507,0.4444781158146606,3,3
aligned,heavy,0.1,9,3,history_cost,Multi-feature k-means,1.0,1.0,1.0,1,1
aligned,heavy,0.1,9,3,history_cost,LE-GRA MVP,1.0,1.0,1.0,1,1
aligned,heavy,0.1,9,3,history_cost,Multi-feature k-means,1.0,1.0,1.0,2,2
aligned,heavy,0.1,9,3,history_cost,LE-GRA MVP,0.8586956521739131,0.714543332979739,0.7135514798110122,2,3
aligned,heavy,0.1,9,3,history_cost,Multi-feature k-means,1.0,1.0,1.0,1,1
aligned,heavy,0.1,9,3,history_cost,LE-GRA MVP,1.0,1.0,1.0,1,1
aligned,heavy,0.1,9,3,history_cost,Multi-feature k-means,1.0,1.0,1.0,1,1
aligned,heavy,0.1,9,3,history_cost,LE-GRA MVP,1.0,1.0,1.0,1,1
aligned,heavy,0.1,9,3,history_cost,Multi-feature k-means,1.0,1.0,1.0,1,1
aligned,heavy,0.1,9,3,history_cost,LE-GRA MVP,1.0,1.0,1.0,1,1
aligned,heavy,0.1,9,3,history_cost,Multi-feature k-means,0.5688405797101449,0.1444201312910284,0.24165198856391087,2,2
aligned,heavy,0.1,9,3,history_cost,LE-GRA MVP,0.7101449275362319,0.373403711901924,0.37238218136659595,2,2
aligned,heavy,0.1,9,3,history_cost,Multi-feature k-means,0.8478260869565217,0.6944488375770995,0.7202763265277092,3,3
aligned,heavy,0.1,9,3,history_cost,LE-GRA MVP,0.44565217391304346,0.0,0.0,3,1
aligned,heavy,0.1,9,3,history_cost,Multi-feature k-means,1.0,1.0,1.0,1,1
aligned,heavy,0.1,9,3,history_cost,LE-GRA MVP,1.0,1.0,1.0,1,1
aligned,heavy,0.1,9,3,history_cost,Multi-feature k-means,0.6485507246376812,0.3326353574633563,0.4840615926226378,3,3
aligned,heavy,0.1,9,3,history_cost,LE-GRA MVP,0.6666666666666666,0.38958603779027845,0.6361353541904147,3,3
aligned,heavy,0.1,9,3,history_cost,Multi-feature k-means,1.0,1.0,1.0,1,1
aligned,heavy,0.1,9,3,history_cost,LE-GRA MVP,1.0,1.0,1.0,1,1
aligned,heavy,0.1,9,3,history_cost,Multi-feature k-means,0.9166666666666666,0.8316537604752308,0.7712207797821039,2,2
aligned,heavy,0.1,9,3,history_cost,LE-GRA MVP,0.9166666666666666,0.8316537604752308,0.7712207797821039,2,2
aligned,heavy,0.1,9,3,history_cost,Multi-feature k-means,1.0,1.0,1.0,1,1
aligned,heavy,0.1,9,3,history_cost,LE-GRA MVP,1.0,1.0,1.0,1,1
aligned,heavy,0.1,9,3,history_cost,Multi-feature k-means,1.0,1.0,1.0,1,1
aligned,heavy,0.1,9,3,history_cost,LE-GRA MVP,1.0,1.0,1.0,1,1
aligned,heavy,0.1,9,3,history_cost,Multi-feature k-means,1.0,1.0,1.0,2,2
aligned,heavy,0.1,9,3,history_cost,LE-GRA MVP,1.0,1.0,1.0,2,2
aligned,heavy,0.1,9,3,history_cost,Multi-feature k-means,0.822463768115942,0.6469666910305941,0.6080809465872538,3,2
aligned,heavy,0.1,9,3,history_cost,LE-GRA MVP,0.7391304347826086,0.46178430204214294,0.5914951054220119,3,3
aligned,heavy,0.1,17,3,history_cost,Multi-feature k-means,0.6268115942028986,0.25323106020804875,0.38354700578984907,3,2
aligned,heavy,0.1,17,3,history_cost,LE-GRA MVP,0.6268115942028986,0.25323106020804875,0.38354700578984907,3,2
aligned,heavy,0.1,17,3,history_cost,Multi-feature k-means,1.0,1.0,1.0,1,1
aligned,heavy,0.1,17,3,history_cost,LE-GRA MVP,1.0,1.0,1.0,1,1
aligned,heavy,0.1,17,3,history_cost,Multi-feature k-means,1.0,1.0,1.0,1,1
aligned,heavy,0.1,17,3,history_cost,LE-GRA MVP,1.0,1.0,1.0,1,1
aligned,heavy,0.1,17,3,history_cost,Multi-feature k-means,0.6014492753623188,0.24541432619177816,0.5306234535118329,3,3
aligned,heavy,0.1,17,3,history_cost,LE-GRA MVP,0.5869565217391305,0.18186073118726928,0.2922159842246184,3,2
aligned,heavy,0.1,17,3,history_cost,Multi-feature k-means,1.0,1.0,1.0,1,1
aligned,heavy,0.1,17,3,history_cost,LE-GRA MVP,1.0,1.0,1.0,1,1
aligned,heavy,0.1,17,3,history_cost,Multi-feature k-means,1.0,1.0,1.0,1,1
aligned,heavy,0.1,17,3,history_cost,LE-GRA MVP,1.0,1.0,1.0,1,1
aligned,heavy,0.1,17,3,history_cost,Multi-feature k-means,1.0,1.0,1.0,1,1
aligned,heavy,0.1,17,3,history_cost,LE-GRA MVP,1.0,1.0,1.0,1,1
aligned,heavy,0.1,17,3,history_cost,Multi-feature k-means,1.0,1.0,1.0,1,1
aligned,heavy,0.1,17,3,history_cost,LE-GRA MVP,1.0,1.0,1.0,1,1
aligned,heavy,0.1,17,3,history_cost,Multi-feature k-means,0.6086956521739131,0.2182123373898447,0.3622028654244456,2,2
aligned,heavy,0.1,17,3,history_cost,LE-GRA MVP,0.6086956521739131,0.2182123373898447,0.3622028654244456,2,2
aligned,heavy,0.1,17,3,history_cost,Multi-feature k-means,1.0,1.0,1.0,1,1
aligned,heavy,0.1,17,3,history_cost,LE-GRA MVP,1.0,1.0,1.0,1,1
aligned,heavy,0.1,17,3,history_cost,Multi-feature k-means,1.0,1.0,1.0,1,1
aligned,heavy,0.1,17,3,history_cost,LE-GRA MVP,1.0,1.0,1.0,1,1
aligned,heavy,0.1,17,3,history_cost,Multi-feature k-means,1.0,1.0,1.0,1,1
aligned,heavy,0.1,17,3,history_cost,LE-GRA MVP,1.0,1.0,1.0,1,1
aligned,heavy,0.1,17,3,history_cost,Multi-feature k-means,1.0,1.0,1.0,1,1
aligned,heavy,0.1,17,3,history_cost,LE-GRA MVP,1.0,1.0,1.0,1,1
aligned,heavy,0.1,17,3,history_cost,Multi-feature k-means,0.6014492753623188,0.207269309102303,0.4012134853388227,2,3
aligned,heavy,0.1,17,3,history_cost,LE-GRA MVP,0.5108695652173914,0.0,0.0,2,1
aligned,heavy,0.1,17,3,history_cost,Multi-feature k-means,1.0,1.0,1.0,1,1
aligned,heavy,0.1,17,3,history_cost,LE-GRA MVP,1.0,1.0,1.0,1,1
aligned,heavy,0.1,17,3,history_cost,Multi-feature k-means,1.0,1.0,1.0,1,1
aligned,heavy,0.1,17,3,history_cost,LE-GRA MVP,1.0,1.0,1.0,1,1
aligned,heavy,0.1,17,3,history_cost,Multi-feature k-means,1.0,1.0,1.0,1,1
aligned,heavy,0.1,17,3,history_cost,LE-GRA MVP,1.0,1.0,1.0,1,1
aligned,heavy,0.1,17,3,history_cost,Multi-feature k-means,0.8297101449275363,0.6578031022475467,0.5924444436331899,3,2
aligned,heavy,0.1,17,3,history_cost,LE-GRA MVP,0.5833333333333334,0.16692913385826771,0.33101580880244497,3,2
aligned,heavy,0.1,17,3,history_cost,Multi-feature k-means,1.0,1.0,1.0,1,1
aligned,heavy,0.1,17,3,history_cost,LE-GRA MVP,1.0,1.0,1.0,1,1
aligned,heavy,0.1,17,3,history_cost,Multi-feature k-means,1.0,1.0,1.0,1,1
aligned,heavy,0.1,17,3,history_cost,LE-GRA MVP,1.0,1.0,1.0,1,1
aligned,heavy,0.1,23,3,history_cost,Multi-feature k-means,1.0,1.0,1.0,1,1
aligned,heavy,0.1,23,3,history_cost,LE-GRA MVP,1.0,1.0,1.0,1,1
aligned,heavy,0.1,23,3,history_cost,Multi-feature k-means,1.0,1.0,1.0,1,1
aligned,heavy,0.1,23,3,history_cost,LE-GRA MVP,1.0,1.0,1.0,1,1
aligned,heavy,0.1,23,3,history_cost,Multi-feature k-means,0.8405797101449275,0.0,0.0,2,1
aligned,heavy,0.1,23,3,history_cost,LE-GRA MVP,0.8405797101449275,0.0,0.0,2,1
aligned,heavy,0.1,23,3,history_cost,Multi-feature k-means,1.0,1.0,1.0,1,1
aligned,heavy,0.1,23,3,history_cost,LE-GRA MVP,1.0,1.0,1.0,1,1
aligned,heavy,0.1,23,3,history_cost,Multi-feature k-means,0.6086956521739131,0.0,0.0,2,1
aligned,heavy,0.1,23,3,history_cost,LE-GRA MVP,0.6086956521739131,0.0,0.0,2,1
aligned,heavy,0.1,23,3,history_cost,Multi-feature k-means,1.0,1.0,1.0,1,1
aligned,heavy,0.1,23,3,history_cost,LE-GRA MVP,1.0,1.0,1.0,1,1
aligned,heavy,0.1,23,3,history_cost,Multi-feature k-means,1.0,1.0,1.0,1,1
aligned,heavy,0.1,23,3,history_cost,LE-GRA MVP,1.0,1.0,1.0,1,1
aligned,heavy,0.1,23,3,history_cost,Multi-feature k-means,1.0,1.0,1.0,1,1
aligned,heavy,0.1,23,3,history_cost,LE-GRA MVP,1.0,1.0,1.0,1,1
aligned,heavy,0.1,23,3,history_cost,Multi-feature k-means,0.7717391304347826,0.5439093484419263,0.561742324918568,2,2
aligned,heavy,0.1,23,3,history_cost,LE-GRA MVP,0.5108695652173914,0.0,0.0,2,1
aligned,heavy,0.1,23,3,history_cost,Multi-feature k-means,1.0,1.0,1.0,1,1
aligned,heavy,0.1,23,3,history_cost,LE-GRA MVP,1.0,1.0,1.0,1,1
aligned,heavy,0.1,23,3,history_cost,Multi-feature k-means,0.8478260869565217,0.6966874247736669,0.7077817272035268,3,3
aligned,heavy,0.1,23,3,history_cost,LE-GRA MVP,0.8876811594202898,0.7752442996742671,0.7171600087640035,3,2
aligned,heavy,0.1,23,3,history_cost,Multi-feature k-means,1.0,1.0,1.0,1,1
aligned,heavy,0.1,23,3,history_cost,LE-GRA MVP,1.0,1.0,1.0,1,1
aligned,heavy,0.1,23,3,history_cost,Multi-feature k-means,1.0,1.0,1.0,1,1
aligned,heavy,0.1,23,3,history_cost,LE-GRA MVP,1.0,1.0,1.0,1,1
aligned,heavy,0.1,23,3,history_cost,Multi-feature k-means,1.0,1.0,1.0,1,1
aligned,heavy,0.1,23,3,history_cost,LE-GRA MVP,1.0,1.0,1.0,1,1
aligned,heavy,0.1,23,3,history_cost,Multi-feature k-means,1.0,1.0,1.0,1,1
aligned,heavy,0.1,23,3,history_cost,LE-GRA MVP,1.0,1.0,1.0,1,1
aligned,heavy,0.1,23,3,history_cost,Multi-feature k-means,1.0,1.0,1.0,1,1
aligned,heavy,0.1,23,3,history_cost,LE-GRA MVP,1.0,1.0,1.0,1,1
aligned,heavy,0.1,23,3,history_cost,Multi-feature k-means,1.0,1.0,1.0,1,1
aligned,heavy,0.1,23,3,history_cost,LE-GRA MVP,1.0,1.0,1.0,1,1
aligned,heavy,0.1,23,3,history_cost,Multi-feature k-means,0.9166666666666666,0.8330703692016409,0.7793006979193456,2,2
aligned,heavy,0.1,23,3,history_cost,LE-GRA MVP,0.9166666666666666,0.8316537604752308,0.7712207797821039,2,2
aligned,heavy,0.1,23,3,history_cost,Multi-feature k-means,0.6123188405797102,0.2716780112459308,0.4264965890303016,2,3
aligned,heavy,0.1,23,3,history_cost,LE-GRA MVP,0.5362318840579711,0.14018691588785043,0.36215830527625376,2,3
aligned,heavy,0.1,23,3,history_cost,Multi-feature k-means,0.8007246376811594,0.6052220950795798,0.6265849608908047,3,3
aligned,heavy,0.1,23,3,history_cost,LE-GRA MVP,0.5144927536231884,0.046853254986856316,0.32884454171697647,3,3
ambiguous,light,0.5,9,3,history_cost,Multi-feature k-means,0.4927536231884058,0.0027357662726475458,0.22671081383755123,3,3
ambiguous,light,0.5,9,3,history_cost,LE-GRA MVP,0.5253623188405797,0.0,0.0,3,1
ambiguous,light,0.5,9,3,history_cost,Multi-feature k-means,0.6340579710144928,0.3088366557572152,0.5007252992472847,3,3
ambiguous,light,0.5,9,3,history_cost,LE-GRA MVP,0.8876811594202898,0.7703210565875658,0.6708598678481897,3,2
ambiguous,light,0.5,9,3,history_cost,Multi-feature k-means,0.4601449275362319,0.0,0.0,3,1
ambiguous,light,0.5,9,3,history_cost,LE-GRA MVP,0.4601449275362319,0.0,0.0,3,1
ambiguous,light,0.5,9,3,history_cost,Multi-feature k-means,0.6268115942028986,0.19758383199729027,0.4235460242158682,3,3
ambiguous,light,0.5,9,3,history_cost,LE-GRA MVP,0.6086956521739131,0.24379724998731545,0.3055238711729967,3,2
ambiguous,light,0.5,9,3,history_cost,Multi-feature k-means,0.7282608695652174,0.41821247892074204,0.6500513458497096,3,3
ambiguous,light,0.5,9,3,history_cost,LE-GRA MVP,0.7246376811594203,0.4668293426872045,0.5231707074689391,3,2
ambiguous,light,0.5,9,3,history_cost,Multi-feature k-means,0.6123188405797102,0.22423032468214776,0.3656170369474568,3,2
ambiguous,light,0.5,9,3,history_cost,LE-GRA MVP,0.6992753623188406,0.3964590578564654,0.47560632835428424,3,3
ambiguous,light,0.5,9,3,history_cost,Multi-feature k-means,0.9202898550724637,0.8391863975846179,0.8263319986282921,3,3
ambiguous,light,0.5,9,3,history_cost,LE-GRA MVP,0.7391304347826086,0.4643377001455604,0.529525046906182,3,3
ambiguous,light,0.5,9,3,history_cost,Multi-feature k-means,0.8623188405797102,0.7068589636089218,0.6943137985856095,3,3
ambiguous,light,0.5,9,3,history_cost,LE-GRA MVP,0.5507246376811594,0.020436201270822563,0.20021057685835988,3,3
ambiguous,light,0.5,9,3,history_cost,Multi-feature k-means,0.4927536231884058,0.0,0.0,3,1
ambiguous,light,0.5,9,3,history_cost,LE-GRA MVP,0.5253623188405797,0.05201887781856312,0.09548516152057916,3,3
ambiguous,light,0.5,9,3,history_cost,Multi-feature k-means,0.5253623188405797,0.04561292366170415,0.29213547725720623,3,3
ambiguous,light,0.5,9,3,history_cost,LE-GRA MVP,0.5652173913043478,0.09235406960811182,0.2437809961580607,3,3
ambiguous,light,0.5,9,3,history_cost,Multi-feature k-means,0.5507246376811594,0.15989984780794342,0.37673305204216817,3,3
ambiguous,light,0.5,9,3,history_cost,LE-GRA MVP,0.5942028985507246,0.22985699337286364,0.38928636094524366,3,3
ambiguous,light,0.5,9,3,history_cost,Multi-feature k-means,0.48188405797101447,0.0,0.0,3,1
ambiguous,light,0.5,9,3,history_cost,LE-GRA MVP,0.48188405797101447,0.0,0.0,3,1
ambiguous,light,0.5,9,3,history_cost,Multi-feature k-means,0.4891304347826087,-0.038424591738712786,0.01657294869288805,3,2
ambiguous,light,0.5,9,3,history_cost,LE-GRA MVP,0.48188405797101447,-0.04181184668989548,0.01947298154726661,3,2
ambiguous,light,0.5,9,3,history_cost,Multi-feature k-means,0.6521739130434783,0.28747378045501,0.4435616494889513,3,3
ambiguous,light,0.5,9,3,history_cost,LE-GRA MVP,0.8152173913043478,0.6300073598990642,0.5354344592073598,3,2
ambiguous,light,0.5,9,3,history_cost,Multi-feature k-means,0.7536231884057971,0.46709069225963995,0.434824494672977,3,3
ambiguous,light,0.5,9,3,history_cost,LE-GRA MVP,0.6666666666666666,0.26438379975664866,0.4299739069476912,3,3
ambiguous,light,0.5,9,3,history_cost,Multi-feature k-means,0.8043478260869565,0.6071485054562707,0.6044431204235465,3,2
ambiguous,light,0.5,9,3,history_cost,LE-GRA MVP,0.6159420289855072,0.257047082127076,0.35508391919228643,3,2
ambiguous,light,0.5,9,3,history_cost,Multi-feature k-means,0.7246376811594203,0.4318834299333731,0.5775521494388068,3,3
ambiguous,light,0.5,9,3,history_cost,LE-GRA MVP,0.6521739130434783,0.21474719933613892,0.3013419934689898,3,3
ambiguous,light,0.5,9,3,history_cost,Multi-feature k-means,0.7608695652173914,0.5234657039711191,0.495545727404668,3,2
ambiguous,light,0.5,9,3,history_cost,LE-GRA MVP,0.6739130434782609,0.3085787451984635,0.4039822356553931,3,3
ambiguous,light,0.5,9,3,history_cost,Multi-feature k-means,0.7681159420289855,0.5232903330274734,0.6079168322989245,3,3
ambiguous,light,0.5,9,3,history_cost,LE-GRA MVP,0.9166666666666666,0.8342904876266054,0.7821461328562928,3,2
ambiguous,light,0.5,9,3,history_cost,Multi-feature k-means,0.7862318840579711,0.531907554329079,0.542892753711174,3,2
ambiguous,light,0.5,9,3,history_cost,LE-GRA MVP,0.9021739130434783,0.7941208973367223,0.6879590100838477,3,2
ambiguous,light,0.5,17,3,history_cost,Multi-feature k-means,0.7391304347826086,0.5044636177746745,0.7430198339519626,2,3
ambiguous,light,0.5,17,3,history_cost,LE-GRA MVP,1.0,1.0,0.9999999999999998,2,2
ambiguous,light,0.5,17,3,history_cost,Multi-feature k-means,0.34782608695652173,0.0,0.0,3,1
ambiguous,light,0.5,17,3,history_cost,LE-GRA MVP,0.4601449275362319,-0.04961715160796323,0.047445208872573176,3,3
ambiguous,light,0.5,17,3,history_cost,Multi-feature k-means,0.7318840579710145,0.46804188154399123,0.5752856874636637,3,2
ambiguous,light,0.5,17,3,history_cost,LE-GRA MVP,0.6376811594202898,0.15549843950798603,0.2897496854616028,3,3
ambiguous,light,0.5,17,3,history_cost,Multi-feature k-means,0.5471014492753623,0.09277374566109181,0.3065479561726144,3,2
ambiguous,light,0.5,17,3,history_cost,LE-GRA MVP,0.6630434782608695,0.3361953036102203,0.474246404202723,3,2
ambiguous,light,0.5,17,3,history_cost,Multi-feature k-means,0.5253623188405797,-0.05905096660808433,0.031571813072538236,3,3
ambiguous,light,0.5,17,3,history_cost,LE-GRA MVP,0.32971014492753625,0.0,0.0,3,1
ambiguous,light,0.5,17,3,history_cost,Multi-feature k-means,0.9456521739130435,0.8915889808316749,0.8962694224204701,3,2
ambiguous,light,0.5,17,3,history_cost,LE-GRA MVP,0.6739130434782609,0.3407293380752694,0.4000854666571527,3,3
ambiguous,light,0.5,17,3,history_cost,Multi-feature k-means,0.532608695652174,-0.029374349485370682,0.0776496692038523,3,3
ambiguous,light,0.5,17,3,history_cost,LE-GRA MVP,0.5579710144927537,0.12078959736800879,0.2032282551224923,3,2
ambiguous,light,0.5,17,3,history_cost,Multi-feature k-means,0.463768115942029,-0.051970126191089344,0.007574737673531358,3,3
ambiguous,light,0.5,17,3,history_cost,LE-GRA MVP,0.5253623188405797,0.0,0.0,3,1
ambiguous,light,0.5,17,3,history_cost,Multi-feature k-means,0.7644927536231884,0.505130751406819,0.6098705943432341,3,3
ambiguous,light,0.5,17,3,history_cost,LE-GRA MVP,0.5652173913043478,0.09448818897637794,0.26145392879400864,3,3
ambiguous,light,0.5,17,3,history_cost,Multi-feature k-means,0.5108695652173914,0.04432132963988929,0.13551856656070985,2,3
ambiguous,light,0.5,17,3,history_cost,LE-GRA MVP,0.6086956521739131,0.0,0.0,2,1
ambiguous,light,0.5,17,3,history_cost,Multi-feature k-means,0.7391304347826086,0.4717422510500292,0.510728847348287,3,2
ambiguous,light,0.5,17,3,history_cost,LE-GRA MVP,0.4782608695652174,-0.03580922595777952,0.04046909076486219,3,2
ambiguous,light,0.5,17,3,history_cost,Multi-feature k-means,0.4782608695652174,-0.05483305907956899,0.0008804475423165286,3,2
ambiguous,light,0.5,17,3,history_cost,LE-GRA MVP,0.5181159420289855,-0.059577416002771055,0.012217019499198449,3,3
ambiguous,light,0.5,17,3,history_cost,Multi-feature k-means,0.6268115942028986,0.28364076201995764,0.44313846862042694,3,2
ambiguous,light,0.5,17,3,history_cost,LE-GRA MVP,0.4528985507246377,-0.050196552766858187,0.001093078975640254,3,2
ambiguous,light,0.5,17,3,history_cost,Multi-feature k-means,0.677536231884058,0.36487744337573697,0.5320727320317578,3,3
ambiguous,light,0.5,17,3,history_cost,LE-GRA MVP,0.9565217391304348,0.9124319179313627,0.8671201019595056,3,2
ambiguous,light,0.5,17,3,history_cost,Multi-feature k-means,0.644927536231884,0.21803989592367734,0.32097111056756855,3,3
ambiguous,light,0.5,17,3,history_cost,LE-GRA MVP,0.5217391304347826,0.024891601092018576,0.11103417537671789,3,3
ambiguous,light,0.5,17,3,history_cost,Multi-feature k-means,0.6413043478260869,0.2536873156342183,0.432936392603673,3,3
ambiguous,light,0.5,17,3,history_cost,LE-GRA MVP,0.5471014492753623,0.052093636663369546,0.10466239593265293,3,3
ambiguous,light,0.5,17,3,history_cost,Multi-feature k-means,0.5144927536231884,-0.03741935483870964,0.02224211590690117,3,3
ambiguous,light,0.5,17,3,history_cost,LE-GRA MVP,0.5362318840579711,0.055350553505535055,0.04523232480518735,3,3
ambiguous,light,0.5,17,3,history_cost,Multi-feature k-means,0.855072463768116,0.700374531835206,0.7540921851613214,3,3
ambiguous,light,0.5,17,3,history_cost,LE-GRA MVP,0.7463768115942029,0.4710037785444389,0.5342519921212209,3,3
ambiguous,light,0.5,17,3,history_cost,Multi-feature k-means,0.6992753623188406,0.0,0.0,3,1
ambiguous,light,0.5,17,3,history_cost,LE-GRA MVP,0.5072463768115942,0.028521144986800563,0.0804067523419451,3,2
ambiguous,light,0.5,17,3,history_cost,Multi-feature k-means,0.6811594202898551,0.3761750654954538,0.6273940698306217,3,3
ambiguous,light,0.5,17,3,history_cost,LE-GRA MVP,0.532608695652174,0.0,0.0,3,1
ambiguous,light,0.5,23,3,history_cost,Multi-feature k-means,0.6557971014492754,0.0,0.0,2,1
ambiguous,light,0.5,23,3,history_cost,LE-GRA MVP,0.5688405797101449,0.14920733602735473,0.2890367294254291,2,2
ambiguous,light,0.5,23,3,history_cost,Multi-feature k-means,0.532608695652174,0.0,0.0,3,1
ambiguous,light,0.5,23,3,history_cost,LE-GRA MVP,0.532608695652174,0.0,0.0,3,1
ambiguous,light,0.5,23,3,history_cost,Multi-feature k-means,0.7572463768115942,0.5182869646764614,0.5257632641832197,3,2
ambiguous,light,0.5,23,3,history_cost,LE-GRA MVP,0.6739130434782609,0.3493635077793493,0.44177858624945937,3,2
ambiguous,light,0.5,23,3,history_cost,Multi-feature k-means,0.45652173913043476,-0.0625737898465172,0.11409487814052068,3,2
ambiguous,light,0.5,23,3,history_cost,LE-GRA MVP,0.4166666666666667,0.0,0.0,3,1
ambiguous,light,0.5,23,3,history_cost,Multi-feature k-means,0.5543478260869565,0.153754113072091,0.3393681421027523,3,3
ambiguous,light,0.5,23,3,history_cost,LE-GRA MVP,0.6413043478260869,0.0,0.0,3,1
ambiguous,light,0.5,23,3,history_cost,Multi-feature k-means,0.5,-0.04379281995067139,0.12708494498136494,3,3
ambiguous,light,0.5,23,3,history_cost,LE-GRA MVP,0.4746376811594203,-0.08761821937167087,0.10291375671266192,3,3
ambiguous,light,0.5,23,3,history_cost,Multi-feature k-means,0.5978260869565217,0.18408437200383507,0.2644836386344602,3,3
ambiguous,light,0.5,23,3,history_cost,LE-GRA MVP,0.5543478260869565,0.07276302851524094,0.14915737223878806,3,3
ambiguous,light,0.5,23,3,history_cost,Multi-feature k-means,0.48188405797101447,0.0,0.0,3,1
ambiguous,light,0.5,23,3,history_cost,LE-GRA MVP,0.5,-0.007139457401237515,0.06410961520549531,3,3
ambiguous,light,0.5,23,3,history_cost,Multi-feature k-means,0.5,0.0194119767262242,0.27602207139721674,3,3
ambiguous,light,0.5,23,3,history_cost,LE-GRA MVP,0.7717391304347826,0.5246582832148715,0.4857214926748289,3,2
ambiguous,light,0.5,23,3,history_cost,Multi-feature k-means,0.5978260869565217,0.1577037281425272,0.3880929984368792,3,3
ambiguous,light,0.5,23,3,history_cost,LE-GRA MVP,0.5579710144927537,0.02653946227233301,0.18959070083007967,3,3
ambiguous,light,0.5,23,3,history_cost,Multi-feature k-means,0.5760869565217391,0.19407008086253374,0.37985511461974664,2,3
ambiguous,light,0.5,23,3,history_cost,LE-GRA MVP,0.7717391304347826,0.482315112540193,0.4420720417787592,2,2
ambiguous,light,0.5,23,3,history_cost,Multi-feature k-means,0.4746376811594203,-0.056382641748495416,0.04651821032305096,3,3
ambiguous,light,0.5,23,3,history_cost,LE-GRA MVP,0.4782608695652174,0.0,0.0,3,1
ambiguous,light,0.5,23,3,history_cost,Multi-feature k-means,0.5362318840579711,0.08821555773499204,0.35616376290286783,3,3
ambiguous,light,0.5,23,3,history_cost,LE-GRA MVP,0.5217391304347826,0.05767937509699443,0.2427420127209902,3,3
ambiguous,light,0.5,23,3,history_cost,Multi-feature k-means,0.6014492753623188,0.1598870994521003,0.11335791826982973,3,2
ambiguous,light,0.5,23,3,history_cost,LE-GRA MVP,0.5471014492753623,0.0,0.0,3,1
ambiguous,light,0.5,23,3,history_cost,Multi-feature k-means,0.7753623188405797,0.5475170553704585,0.5146255179359488,3,2
ambiguous,light,0.5,23,3,history_cost,LE-GRA MVP,0.5905797101449275,0.14982008505070332,0.25416364412445813,3,3
ambiguous,light,0.5,23,3,history_cost,Multi-feature k-means,0.47101449275362317,-0.05118171857880728,0.056254523506406647,3,3
ambiguous,light,0.5,23,3,history_cost,LE-GRA MVP,0.5108695652173914,0.0,0.0,3,1
ambiguous,light,0.5,23,3,history_cost,Multi-feature k-means,0.5543478260869565,0.020090058884655343,0.12388868979946306,3,3
ambiguous,light,0.5,23,3,history_cost,LE-GRA MVP,0.5144927536231884,-0.035676281153738394,0.07200712132599063,3,3
ambiguous,light,0.5,23,3,history_cost,Multi-feature k-means,0.855072463768116,0.6994773519163763,0.7547105955261955,3,3
ambiguous,light,0.5,23,3,history_cost,LE-GRA MVP,0.6992753623188406,0.4010040790712268,0.3972416820342854,3,2
ambiguous,light,0.5,23,3,history_cost,Multi-feature k-means,0.7681159420289855,0.5445544554455446,0.7206532193093542,3,2
ambiguous,light,0.5,23,3,history_cost,LE-GRA MVP,0.6666666666666666,0.3395755305867666,0.4454804548739521,3,2
ambiguous,light,0.5,23,3,history_cost,Multi-feature k-means,0.9166666666666666,0.8281909710945112,0.7598737418084625,2,2
ambiguous,light,0.5,23,3,history_cost,LE-GRA MVP,0.677536231884058,0.38877276799044486,0.552494252083066,2,3
ambiguous,medium,0.25,9,3,history_cost,Multi-feature k-means,0.5253623188405797,0.0,0.0,3,1
ambiguous,medium,0.25,9,3,history_cost,LE-GRA MVP,0.5579710144927537,0.1097244989688541,0.17733767666602854,3,2
ambiguous,medium,0.25,9,3,history_cost,Multi-feature k-means,0.6630434782608695,0.3762029746281715,0.5671646568718249,2,3
ambiguous,medium,0.25,9,3,history_cost,LE-GRA MVP,0.7971014492753623,0.6101694915254237,0.7655069641922375,2,3
ambiguous,medium,0.25,9,3,history_cost,Multi-feature k-means,0.4601449275362319,0.0,0.0,3,1
ambiguous,medium,0.25,9,3,history_cost,LE-GRA MVP,0.4601449275362319,0.0,0.0,3,1
ambiguous,medium,0.25,9,3,history_cost,Multi-feature k-means,0.7717391304347826,0.543238415467059,0.5648391060202322,2,2
ambiguous,medium,0.25,9,3,history_cost,LE-GRA MVP,0.6557971014492754,0.3112325312598508,0.2998618989186114,2,2
ambiguous,medium,0.25,9,3,history_cost,Multi-feature k-means,0.6376811594202898,0.35754189944134074,0.6619748779516113,3,2
ambiguous,medium,0.25,9,3,history_cost,LE-GRA MVP,0.6811594202898551,0.359493670886076,0.4771910554412538,3,2
ambiguous,medium,0.25,9,3,history_cost,Multi-feature k-means,0.6557971014492754,0.0,0.0,2,1
ambiguous,medium,0.25,9,3,history_cost,LE-GRA MVP,0.6557971014492754,0.0,0.0,2,1
ambiguous,medium,0.25,9,3,history_cost,Multi-feature k-means,0.9202898550724637,0.8391863975846179,0.8263319986282921,3,3
ambiguous,medium,0.25,9,3,history_cost,LE-GRA MVP,0.8840579710144928,0.7674443098636052,0.7198491091651943,3,2
ambiguous,medium,0.25,9,3,history_cost,Multi-feature k-means,0.7101449275362319,0.0,0.0,2,1
ambiguous,medium,0.25,9,3,history_cost,LE-GRA MVP,0.7101449275362319,0.0,0.0,2,1
ambiguous,medium,0.25,9,3,history_cost,Multi-feature k-means,1.0,1.0,1.0,1,1
ambiguous,medium,0.25,9,3,history_cost,LE-GRA MVP,1.0,1.0,1.0,1,1
ambiguous,medium,0.25,9,3,history_cost,Multi-feature k-means,1.0,1.0,1.0,1,1
ambiguous,medium,0.25,9,3,history_cost,LE-GRA MVP,1.0,1.0,1.0,1,1
ambiguous,medium,0.25,9,3,history_cost,Multi-feature k-means,0.7101449275362319,0.4221105527638191,0.47913876749186385,2,2
ambiguous,medium,0.25,9,3,history_cost,LE-GRA MVP,0.7101449275362319,0.4221105527638191,0.47913876749186385,2,2
ambiguous,medium,0.25,9,3,history_cost,Multi-feature k-means,0.8405797101449275,0.6814939152328997,0.6509631395521196,2,2
ambiguous,medium,0.25,9,3,history_cost,LE-GRA MVP,0.9166666666666666,0.8316537604752308,0.7712207797821039,2,2
ambiguous,medium,0.25,9,3,history_cost,Multi-feature k-means,0.48188405797101447,-0.012935016938712728,0.05311690894206982,3,2
ambiguous,medium,0.25,9,3,history_cost,LE-GRA MVP,0.6086956521739131,0.06293618359006613,0.05779522646666375,3,2
ambiguous,medium,0.25,9,3,history_cost,Multi-feature k-means,0.8876811594202898,0.7750078889239507,0.724505157906098,3,2
ambiguous,medium,0.25,9,3,history_cost,LE-GRA MVP,0.8115942028985508,0.6087027646000327,0.7343685126236338,3,3
ambiguous,medium,0.25,9,3,history_cost,Multi-feature k-means,0.7717391304347826,0.0,0.0,2,1
ambiguous,medium,0.25,9,3,history_cost,LE-GRA MVP,0.7717391304347826,0.0,0.0,2,1
ambiguous,medium,0.25,9,3,history_cost,Multi-feature k-means,0.9202898550724637,0.8394415357766143,0.8647757048919376,3,2
ambiguous,medium,0.25,9,3,history_cost,LE-GRA MVP,0.855072463768116,0.700374531835206,0.7540921851613213,3,3
ambiguous,medium,0.25,9,3,history_cost,Multi-feature k-means,1.0,1.0,1.0,1,1
ambiguous,medium,0.25,9,3,history_cost,LE-GRA MVP,1.0,1.0,1.0,1,1
ambiguous,medium,0.25,9,3,history_cost,Multi-feature k-means,0.8405797101449275,0.0,0.0,2,1
ambiguous,medium,0.25,9,3,history_cost,LE-GRA MVP,0.8405797101449275,0.0,0.0,2,1
ambiguous,medium,0.25,9,3,history_cost,Multi-feature k-means,0.7463768115942029,0.478598801748799,0.5402038162671267,3,3
ambiguous,medium,0.25,9,3,history_cost,LE-GRA MVP,0.7391304347826086,0.4767496971931118,0.5157477909493027,3,2
ambiguous,medium,0.25,9,3,history_cost,Multi-feature k-means,0.5869565217391305,0.26892513592639067,0.46342743083661314,3,2
ambiguous,medium,0.25,9,3,history_cost,LE-GRA MVP,0.8442028985507246,0.687322162503952,0.682374599177892,3,2
ambiguous,medium,0.25,17,3,history_cost,Multi-feature k-means,0.7681159420289855,0.5160282755219463,0.613389455816877,3,3
ambiguous,medium,0.25,17,3,history_cost,LE-GRA MVP,0.8768115942028986,0.7526490589909853,0.717704203019098,3,2
ambiguous,medium,0.25,17,3,history_cost,Multi-feature k-means,0.9166666666666666,0.0,0.0,2,1
ambiguous,medium,0.25,17,3,history_cost,LE-GRA MVP,0.9166666666666666,0.0,0.0,2,1
ambiguous,medium,0.25,17,3,history_cost,Multi-feature k-means,0.4927536231884058,0.0,0.0,2,1
ambiguous,medium,0.25,17,3,history_cost,LE-GRA MVP,0.4927536231884058,0.0,0.0,2,1
ambiguous,medium,0.25,17,3,history_cost,Multi-feature k-means,1.0,1.0,1.0,2,2
ambiguous,medium,0.25,17,3,history_cost,LE-GRA MVP,0.7717391304347826,0.5439093484419263,0.561742324918568,2,2
ambiguous,medium,0.25,17,3,history_cost,Multi-feature k-means,0.8369565217391305,0.0,0.0,3,1
ambiguous,medium,0.25,17,3,history_cost,LE-GRA MVP,0.572463768115942,0.05747525612085445,0.1458373065799336,3,2
ambiguous,medium,0.25,17,3,history_cost,Multi-feature k-means,0.48188405797101447,0.0,0.0,2,1
ambiguous,medium,0.25,17,3,history_cost,LE-GRA MVP,0.48188405797101447,0.0,0.0,2,1
ambiguous,medium,0.25,17,3,history_cost,Multi-feature k-means,0.6340579710144928,0.0,0.0,3,1
ambiguous,medium,0.25,17,3,history_cost,LE-GRA MVP,0.6340579710144928,0.0,0.0,3,1
ambiguous,medium,0.25,17,3,history_cost,Multi-feature k-means,0.463768115942029,-0.051970126191089344,0.007574737673531358,3,3
ambiguous,medium,0.25,17,3,history_cost,LE-GRA MVP,0.5253623188405797,0.0,0.0,3,1
ambiguous,medium,0.25,17,3,history_cost,Multi-feature k-means,0.5797101449275363,0.179203199507768,0.39382254656054616,3,3
ambiguous,medium,0.25,17,3,history_cost,LE-GRA MVP,0.605072463768116,0.21089077746301538,0.3440068783110784,3,2
ambiguous,medium,0.25,17,3,history_cost,Multi-feature k-means,0.6086956521739131,0.0,0.0,2,1
ambiguous,medium,0.25,17,3,history_cost,LE-GRA MVP,0.6086956521739131,0.0,0.0,2,1
ambiguous,medium,0.25,17,3,history_cost,Multi-feature k-means,0.9166666666666666,0.0,0.0,2,1
ambiguous,medium,0.25,17,3,history_cost,LE-GRA MVP,0.9166666666666666,0.0,0.0,2,1
ambiguous,medium,0.25,17,3,history_cost,Multi-feature k-means,0.48188405797101447,-0.021745883814849314,0.08688121350492906,3,2
ambiguous,medium,0.25,17,3,history_cost,LE-GRA MVP,0.4927536231884058,-0.044098573281452697,0.06532589053190915,3,2
ambiguous,medium,0.25,17,3,history_cost,Multi-feature k-means,0.7717391304347826,0.5443873807776963,0.545228008856072,2,2
ambiguous,medium,0.25,17,3,history_cost,LE-GRA MVP,0.4927536231884058,0.0,0.0,2,1
ambiguous,medium,0.25,17,3,history_cost,Multi-feature k-means,0.7065217391304348,0.43902439024390244,0.6429978635752056,3,3
ambiguous,medium,0.25,17,3,history_cost,LE-GRA MVP,0.4492753623188406,-0.06731796672263773,0.22449827491147809,3,3
ambiguous,medium,0.25,17,3,history_cost,Multi-feature k-means,0.7101449275362319,0.4231673546162286,0.4699285490644171,2,2
ambiguous,medium,0.25,17,3,history_cost,LE-GRA MVP,0.48188405797101447,0.0,0.0,2,1
ambiguous,medium,0.25,17,3,history_cost,Multi-feature k-means,1.0,1.0,1.0,1,1
ambiguous,medium,0.25,17,3,history_cost,LE-GRA MVP,1.0,1.0,1.0,1,1
ambiguous,medium,0.25,17,3,history_cost,Multi-feature k-means,0.44565217391304346,0.0,0.0,3,1
ambiguous,medium,0.25,17,3,history_cost,LE-GRA MVP,0.5471014492753623,0.09277374566109181,0.31634475857916877,3,2
ambiguous,medium,0.25,17,3,history_cost,Multi-feature k-means,0.7028985507246377,0.402187120291616,0.5132730126810215,3,3
ambiguous,medium,0.25,17,3,history_cost,LE-GRA MVP,0.5652173913043478,0.12237002490858023,0.29573707808579247,3,3
ambiguous,medium,0.25,17,3,history_cost,Multi-feature k-means,0.9166666666666666,0.0,0.0,2,1
ambiguous,medium,0.25,17,3,history_cost,LE-GRA MVP,0.9166666666666666,0.0,0.0,2,1
ambiguous,medium,0.25,17,3,history_cost,Multi-feature k-means,0.5688405797101449,0.0,0.0,2,1
ambiguous,medium,0.25,17,3,history_cost,LE-GRA MVP,0.5688405797101449,0.0,0.0,2,1
ambiguous,medium,0.25,23,3,history_cost,Multi-feature k-means,0.6557971014492754,0.0,0.0,2,1
ambiguous,medium,0.25,23,3,history_cost,LE-GRA MVP,0.6557971014492754,0.0,0.0,2,1
ambiguous,medium,0.25,23,3,history_cost,Multi-feature k-means,0.7644927536231884,0.0,0.0,3,1
ambiguous,medium,0.25,23,3,history_cost,LE-GRA MVP,0.7644927536231884,0.0,0.0,3,1
ambiguous,medium,0.25,23,3,history_cost,Multi-feature k-means,0.7717391304347826,0.5446737194930344,0.5553500579538703,2,2
ambiguous,medium,0.25,23,3,history_cost,LE-GRA MVP,0.48188405797101447,0.0,0.0,2,1
ambiguous,medium,0.25,23,3,history_cost,Multi-feature k-means,0.45652173913043476,-0.0625737898465172,0.11409487814052068,3,2
ambiguous,medium,0.25,23,3,history_cost,LE-GRA MVP,0.4166666666666667,0.0,0.0,3,1
ambiguous,medium,0.25,23,3,history_cost,Multi-feature k-means,0.7717391304347826,0.5427579678131903,0.4388738535845309,2,2
ambiguous,medium,0.25,23,3,history_cost,LE-GRA MVP,0.5108695652173914,0.0,0.0,2,1
ambiguous,medium,0.25,23,3,history_cost,Multi-feature k-means,0.5,-0.04379281995067139,0.12708494498136494,3,3
ambiguous,medium,0.25,23,3,history_cost,LE-GRA MVP,0.4384057971014493,0.0,0.0,3,1
ambiguous,medium,0.25,23,3,history_cost,Multi-feature k-means,0.4782608695652174,0.0,0.0,2,1
ambiguous,medium,0.25,23,3,history_cost,LE-GRA MVP,0.4782608695652174,0.0,0.0,2,1
ambiguous,medium,0.25,23,3,history_cost,Multi-feature k-means,0.48188405797101447,0.0,0.0,3,1
ambiguous,medium,0.25,23,3,history_cost,LE-GRA MVP,0.48188405797101447,0.0,0.0,3,1
ambiguous,medium,0.25,23,3,history_cost,Multi-feature k-means,0.6086956521739131,0.2279320348114381,0.3792123352226295,3,2
ambiguous,medium,0.25,23,3,history_cost,LE-GRA MVP,0.6413043478260869,0.26556284270508546,0.44088112453836853,3,3
ambiguous,medium,0.25,23,3,history_cost,Multi-feature k-means,0.5688405797101449,0.13939838591342635,0.3112616669128056,2,2
ambiguous,medium,0.25,23,3,history_cost,LE-GRA MVP,0.5688405797101449,0.0,0.0,2,1
ambiguous,medium,0.25,23,3,history_cost,Multi-feature k-means,0.8623188405797102,0.7068589636089218,0.7738000858209811,3,3
ambiguous,medium,0.25,23,3,history_cost,LE-GRA MVP,0.6014492753623188,0.2994600581475841,0.6193273609795464,3,2
ambiguous,medium,0.25,23,3,history_cost,Multi-feature k-means,0.5253623188405797,0.0,0.0,3,1
ambiguous,medium,0.25,23,3,history_cost,LE-GRA MVP,0.5253623188405797,0.0,0.0,3,1
ambiguous,medium,0.25,23,3,history_cost,Multi-feature k-means,1.0,1.0,1.0,1,1
ambiguous,medium,0.25,23,3,history_cost,LE-GRA MVP,1.0,1.0,1.0,1,1
ambiguous,medium,0.25,23,3,history_cost,Multi-feature k-means,0.6014492753623188,0.1598870994521003,0.11335791826982973,3,2
ambiguous,medium,0.25,23,3,history_cost,LE-GRA MVP,0.5471014492753623,0.0,0.0,3,1
ambiguous,medium,0.25,23,3,history_cost,Multi-feature k-means,0.8405797101449275,0.0,0.0,2,1
ambiguous,medium,0.25,23,3,history_cost,LE-GRA MVP,0.8405797101449275,0.0,0.0,2,1
ambiguous,medium,0.25,23,3,history_cost,Multi-feature k-means,0.4963768115942029,-0.006929133858267734,0.054165383040426916,3,2
ambiguous,medium,0.25,23,3,history_cost,LE-GRA MVP,0.5108695652173914,0.0,0.0,3,1
ambiguous,medium,0.25,23,3,history_cost,Multi-feature k-means,0.8405797101449275,0.0,0.0,2,1
ambiguous,medium,0.25,23,3,history_cost,LE-GRA MVP,0.8405797101449275,0.0,0.0,2,1
ambiguous,medium,0.25,23,3,history_cost,Multi-feature k-means,0.9855072463768116,0.9653092006033183,0.8921457113446114,3,2
ambiguous,medium,0.25,23,3,history_cost,LE-GRA MVP,0.5398550724637681,0.17555743720011288,0.32877043635009134,3,3
ambiguous,medium,0.25,23,3,history_cost,Multi-feature k-means,0.7427536231884058,0.493224371573394,0.557300809822197,3,2
ambiguous,medium,0.25,23,3,history_cost,LE-GRA MVP,0.6231884057971014,0.2469699354635605,0.3807167478933929,3,2
ambiguous,medium,0.25,23,3,history_cost,Multi-feature k-means,0.9782608695652174,0.9559504176198329,0.9135712858791615,3,2
ambiguous,medium,0.25,23,3,history_cost,LE-GRA MVP,0.894927536231884,0.7884107010679919,0.7045651594822663,3,2
ambiguous,heavy,0.1,9,3,history_cost,Multi-feature k-means,1.0,1.0,1.0,1,1
ambiguous,heavy,0.1,9,3,history_cost,LE-GRA MVP,1.0,1.0,1.0,1,1
ambiguous,heavy,0.1,9,3,history_cost,Multi-feature k-means,0.8405797101449275,0.6802022436403855,0.6408827249601833,2,2
ambiguous,heavy,0.1,9,3,history_cost,LE-GRA MVP,0.8478260869565217,0.7024793388429752,0.8040437347901578,2,3
ambiguous,heavy,0.1,9,3,history_cost,Multi-feature k-means,1.0,1.0,1.0,1,1
ambiguous,heavy,0.1,9,3,history_cost,LE-GRA MVP,1.0,1.0,1.0,1,1
ambiguous,heavy,0.1,9,3,history_cost,Multi-feature k-means,1.0,1.0,1.0,1,1
ambiguous,heavy,0.1,9,3,history_cost,LE-GRA MVP,1.0,1.0,1.0,1,1
ambiguous,heavy,0.1,9,3,history_cost,Multi-feature k-means,0.6086956521739131,0.22212943632567855,0.3075615417023512,2,2
ambiguous,heavy,0.1,9,3,history_cost,LE-GRA MVP,1.0,1.0,1.0,2,2
ambiguous,heavy,0.1,9,3,history_cost,Multi-feature k-means,1.0,1.0,1.0,1,1
ambiguous,heavy,0.1,9,3,history_cost,LE-GRA MVP,1.0,1.0,1.0,1,1
ambiguous,heavy,0.1,9,3,history_cost,Multi-feature k-means,1.0,1.0,1.0,2,2
ambiguous,heavy,0.1,9,3,history_cost,LE-GRA MVP,0.9166666666666666,0.8332457707260691,0.7883677534360921,2,2
ambiguous,heavy,0.1,9,3,history_cost,Multi-feature k-means,1.0,1.0,1.0,1,1
ambiguous,heavy,0.1,9,3,history_cost,LE-GRA MVP,1.0,1.0,1.0,1,1
ambiguous,heavy,0.1,9,3,history_cost,Multi-feature k-means,1.0,1.0,1.0,1,1
ambiguous,heavy,0.1,9,3,history_cost,LE-GRA MVP,1.0,1.0,1.0,1,1
ambiguous,heavy,0.1,9,3,history_cost,Multi-feature k-means,1.0,1.0,1.0,1,1
ambiguous,heavy,0.1,9,3,history_cost,LE-GRA MVP,1.0,1.0,1.0,1,1
ambiguous,heavy,0.1,9,3,history_cost,Multi-feature k-means,0.7101449275362319,0.4221105527638191,0.47913876749186385,2,2
ambiguous,heavy,0.1,9,3,history_cost,LE-GRA MVP,0.7862318840579711,0.579746051409105,0.642156832864457,2,3
ambiguous,heavy,0.1,9,3,history_cost,Multi-feature k-means,0.48188405797101447,0.0,0.0,3,1
ambiguous,heavy,0.1,9,3,history_cost,LE-GRA MVP,0.48188405797101447,0.0,0.0,3,1
ambiguous,heavy,0.1,9,3,history_cost,Multi-feature k-means,1.0,1.0,1.0,1,1
ambiguous,heavy,0.1,9,3,history_cost,LE-GRA MVP,1.0,1.0,1.0,1,1
ambiguous,heavy,0.1,9,3,history_cost,Multi-feature k-means,0.967391304347826,0.9347071811586584,0.9130879669135884,3,2
ambiguous,heavy,0.1,9,3,history_cost,LE-GRA MVP,0.8840579710144928,0.7674443098636052,0.7198491091651943,3,2
ambiguous,heavy,0.1,9,3,history_cost,Multi-feature k-means,1.0,1.0,1.0,1,1
ambiguous,heavy,0.1,9,3,history_cost,LE-GRA MVP,1.0,1.0,1.0,1,1
ambiguous,heavy,0.1,9,3,history_cost,Multi-feature k-means,0.9202898550724637,0.8394415357766143,0.8647757048919376,3,2
ambiguous,heavy,0.1,9,3,history_cost,LE-GRA MVP,0.7898550724637681,0.5767095034110741,0.5922867080938025,3,2
ambiguous,heavy,0.1,9,3,history_cost,Multi-feature k-means,1.0,1.0,1.0,1,1
ambiguous,heavy,0.1,9,3,history_cost,LE-GRA MVP,1.0,1.0,1.0,1,1
ambiguous,heavy,0.1,9,3,history_cost,Multi-feature k-means,1.0,1.0,1.0,1,1
ambiguous,heavy,0.1,9,3,history_cost,LE-GRA MVP,1.0,1.0,1.0,1,1
ambiguous,heavy,0.1,9,3,history_cost,Multi-feature k-means,0.9166666666666666,0.8330703692016408,0.7900600366396731,2,2
ambiguous,heavy,0.1,9,3,history_cost,LE-GRA MVP,0.8405797101449275,0.6807403123192597,0.6628102466687833,2,2
ambiguous,heavy,0.1,9,3,history_cost,Multi-feature k-means,0.967391304347826,0.9347071811586584,0.9130879669135884,2,3
ambiguous,heavy,0.1,9,3,history_cost,LE-GRA MVP,0.7101449275362319,0.4221105527638191,0.4561647835259974,2,2
ambiguous,heavy,0.1,17,3,history_cost,Multi-feature k-means,0.7101449275362319,0.41210927099419564,0.5281365080292837,2,3
ambiguous,heavy,0.1,17,3,history_cost,LE-GRA MVP,0.8405797101449275,0.6807403123192597,0.6628102466687833,2,2
ambiguous,heavy,0.1,17,3,history_cost,Multi-feature k-means,1.0,1.0,1.0,1,1
ambiguous,heavy,0.1,17,3,history_cost,LE-GRA MVP,1.0,1.0,1.0,1,1
ambiguous,heavy,0.1,17,3,history_cost,Multi-feature k-means,1.0,1.0,1.0,1,1
ambiguous,heavy,0.1,17,3,history_cost,LE-GRA MVP,1.0,1.0,1.0,1,1
ambiguous,heavy,0.1,17,3,history_cost,Multi-feature k-means,0.9166666666666666,0.8330703692016408,0.7900600366396731,2,2
ambiguous,heavy,0.1,17,3,history_cost,LE-GRA MVP,0.7101449275362319,0.42074610420273884,0.4844382603276358,2,2
ambiguous,heavy,0.1,17,3,history_cost,Multi-feature k-means,1.0,1.0,1.0,1,1
ambiguous,heavy,0.1,17,3,history_cost,LE-GRA MVP,1.0,1.0,1.0,1,1
ambiguous,heavy,0.1,17,3,history_cost,Multi-feature k-means,1.0,1.0,1.0,1,1
ambiguous,heavy,0.1,17,3,history_cost,LE-GRA MVP,1.0,1.0,1.0,1,1
ambiguous,heavy,0.1,17,3,history_cost,Multi-feature k-means,1.0,1.0,1.0,1,1
ambiguous,heavy,0.1,17,3,history_cost,LE-GRA MVP,1.0,1.0,1.0,1,1
ambiguous,heavy,0.1,17,3,history_cost,Multi-feature k-means,1.0,1.0,1.0,1,1
ambiguous,heavy,0.1,17,3,history_cost,LE-GRA MVP,1.0,1.0,1.0,1,1
ambiguous,heavy,0.1,17,3,history_cost,Multi-feature k-means,0.9166666666666666,0.8333858267716535,0.7848665840046493,2,2
ambiguous,heavy,0.1,17,3,history_cost,LE-GRA MVP,1.0,1.0,1.0,2,2
ambiguous,heavy,0.1,17,3,history_cost,Multi-feature k-means,1.0,1.0,1.0,1,1
ambiguous,heavy,0.1,17,3,history_cost,LE-GRA MVP,1.0,1.0,1.0,1,1
ambiguous,heavy,0.1,17,3,history_cost,Multi-feature k-means,0.9166666666666666,0.0,0.0,2,1
ambiguous,heavy,0.1,17,3,history_cost,LE-GRA MVP,0.9166666666666666,0.0,0.0,2,1
ambiguous,heavy,0.1,17,3,history_cost,Multi-feature k-means,1.0,1.0,1.0,1,1
ambiguous,heavy,0.1,17,3,history_cost,LE-GRA MVP,1.0,1.0,1.0,1,1
ambiguous,heavy,0.1,17,3,history_cost,Multi-feature k-means,1.0,1.0,1.0,1,1
ambiguous,heavy,0.1,17,3,history_cost,LE-GRA MVP,1.0,1.0,1.0,1,1
ambiguous,heavy,0.1,17,3,history_cost,Multi-feature k-means,0.9166666666666666,0.8330703692016408,0.7900600366396731,2,2
ambiguous,heavy,0.1,17,3,history_cost,LE-GRA MVP,0.7898550724637681,0.5744590355680791,0.619478144807063,2,3
ambiguous,heavy,0.1,17,3,history_cost,Multi-feature k-means,1.0,1.0,1.0,1,1
ambiguous,heavy,0.1,17,3,history_cost,LE-GRA MVP,1.0,1.0,1.0,1,1
ambiguous,heavy,0.1,17,3,history_cost,Multi-feature k-means,1.0,1.0,1.0,1,1
ambiguous,heavy,0.1,17,3,history_cost,LE-GRA MVP,1.0,1.0,1.0,1,1
ambiguous,heavy,0.1,17,3,history_cost,Multi-feature k-means,1.0,1.0,1.0,1,1
ambiguous,heavy,0.1,17,3,history_cost,LE-GRA MVP,1.0,1.0,1.0,1,1
ambiguous,heavy,0.1,17,3,history_cost,Multi-feature k-means,0.7753623188405797,0.5479951397326852,0.5779764908176217,2,3
ambiguous,heavy,0.1,17,3,history_cost,LE-GRA MVP,0.9166666666666666,0.8332457707260691,0.7883677534360921,2,2
ambiguous,heavy,0.1,17,3,history_cost,Multi-feature k-means,1.0,1.0,1.0,1,1
ambiguous,heavy,0.1,17,3,history_cost,LE-GRA MVP,1.0,1.0,1.0,1,1
ambiguous,heavy,0.1,17,3,history_cost,Multi-feature k-means,1.0,1.0,1.0,1,1
ambiguous,heavy,0.1,17,3,history_cost,LE-GRA MVP,1.0,1.0,1.0,1,1
ambiguous,heavy,0.1,23,3,history_cost,Multi-feature k-means,1.0,1.0,1.0,1,1
ambiguous,heavy,0.1,23,3,history_cost,LE-GRA MVP,1.0,1.0,1.0,1,1
ambiguous,heavy,0.1,23,3,history_cost,Multi-feature k-means,1.0,1.0,1.0,1,1
ambiguous,heavy,0.1,23,3,history_cost,LE-GRA MVP,1.0,1.0,1.0,1,1
ambiguous,heavy,0.1,23,3,history_cost,Multi-feature k-means,1.0,1.0,1.0,1,1
ambiguous,heavy,0.1,23,3,history_cost,LE-GRA MVP,1.0,1.0,1.0,1,1
ambiguous,heavy,0.1,23,3,history_cost,Multi-feature k-means,1.0,1.0,1.0,1,1
ambiguous,heavy,0.1,23,3,history_cost,LE-GRA MVP,1.0,1.0,1.0,1,1
ambiguous,heavy,0.1,23,3,history_cost,Multi-feature k-means,1.0,1.0,1.0,1,1
ambiguous,heavy,0.1,23,3,history_cost,LE-GRA MVP,1.0,1.0,1.0,1,1
ambiguous,heavy,0.1,23,3,history_cost,Multi-feature k-means,1.0,1.0,1.0,1,1
ambiguous,heavy,0.1,23,3,history_cost,LE-GRA MVP,1.0,1.0,1.0,1,1
ambiguous,heavy,0.1,23,3,history_cost,Multi-feature k-means,1.0,1.0,1.0,1,1
ambiguous,heavy,0.1,23,3,history_cost,LE-GRA MVP,1.0,1.0,1.0,1,1
ambiguous,heavy,0.1,23,3,history_cost,Multi-feature k-means,1.0,1.0,1.0,1,1
ambiguous,heavy,0.1,23,3,history_cost,LE-GRA MVP,1.0,1.0,1.0,1,1
ambiguous,heavy,0.1,23,3,history_cost,Multi-feature k-means,0.9166666666666666,0.8316537604752308,0.7712207797821039,2,2
ambiguous,heavy,0.1,23,3,history_cost,LE-GRA MVP,0.8623188405797102,0.7260044934427086,0.6912216028539706,2,3
ambiguous,heavy,0.1,23,3,history_cost,Multi-feature k-means,1.0,1.0,1.0,1,1
ambiguous,heavy,0.1,23,3,history_cost,LE-GRA MVP,1.0,1.0,1.0,1,1
ambiguous,heavy,0.1,23,3,history_cost,Multi-feature k-means,0.5108695652173914,0.036412537498706904,0.2084923744065171,2,2
ambiguous,heavy,0.1,23,3,history_cost,LE-GRA MVP,0.7717391304347826,0.5154386356036116,0.4820202132202182,2,2
ambiguous,heavy,0.1,23,3,history_cost,Multi-feature k-means,1.0,1.0,1.0,1,1
ambiguous,heavy,0.1,23,3,history_cost,LE-GRA MVP,1.0,1.0,1.0,1,1
ambiguous,heavy,0.1,23,3,history_cost,Multi-feature k-means,1.0,1.0,1.0,1,1
ambiguous,heavy,0.1,23,3,history_cost,LE-GRA MVP,1.0,1.0,1.0,1,1
ambiguous,heavy,0.1,23,3,history_cost,Multi-feature k-means,1.0,1.0,1.0,1,1
ambiguous,heavy,0.1,23,3,history_cost,LE-GRA MVP,1.0,1.0,1.0,1,1
ambiguous,heavy,0.1,23,3,history_cost,Multi-feature k-means,1.0,1.0,1.0,1,1
ambiguous,heavy,0.1,23,3,history_cost,LE-GRA MVP,1.0,1.0,1.0,1,1
ambiguous,heavy,0.1,23,3,history_cost,Multi-feature k-means,1.0,1.0,1.0,1,1
ambiguous,heavy,0.1,23,3,history_cost,LE-GRA MVP,1.0,1.0,1.0,1,1
ambiguous,heavy,0.1,23,3,history_cost,Multi-feature k-means,1.0,1.0,1.0,1,1
ambiguous,heavy,0.1,23,3,history_cost,LE-GRA MVP,1.0,1.0,1.0,1,1
ambiguous,heavy,0.1,23,3,history_cost,Multi-feature k-means,0.9166666666666666,0.8082175226586102,0.7212142555967084,2,2
ambiguous,heavy,0.1,23,3,history_cost,LE-GRA MVP,0.9166666666666666,0.8082175226586102,0.7212142555967084,2,2
ambiguous,heavy,0.1,23,3,history_cost,Multi-feature k-means,0.7427536231884058,0.45035341635812853,0.5031031836378611,3,2
ambiguous,heavy,0.1,23,3,history_cost,LE-GRA MVP,0.5434782608695652,0.08392603129445234,0.26401209216227683,3,2
ambiguous,heavy,0.1,23,3,history_cost,Multi-feature k-means,0.9637681159420289,0.9268796693689397,0.8807673879314426,3,2
ambiguous,heavy,0.1,23,3,history_cost,LE-GRA MVP,0.894927536231884,0.7868328539469479,0.6925024676268032,3,2
