mobility_schema_version,scenario_id,timestamp_s,serving_gnb,user_count
1.0,sumo_coupled_00000000,0.2,gnb_2,1
1.0,sumo_coupled_00000001,0.3,gnb_2,1
1.0,sumo_coupled_00000002,0.4,gnb_2,1
1.0,sumo_coupled_00000003,0.5,gnb_2,1
1.0,sumo_coupled_00000004,0.6,gnb_2,1
1.0,sumo_coupled_00000005,0.7,gnb_2,1
1.0,sumo_coupled_00000006,0.8,gnb_2,1
1.0,sumo_coupled_00000007,0.9,gnb_2,1
1.0,sumo_coupled_00000008,1,gnb_2,1
1.0,sumo_coupled_00000009,1.1,gnb_2,1
1.0,sumo_coupled_00000010,1.2,gnb_2,1
1.0,sumo_coupled_00000011,1.3,gnb_2,1
1.0,sumo_coupled_00000012,1.4,gnb_2,1
1.0,sumo_coupled_00000013,1.5,gnb_2,1
1.0,sumo_coupled_00000014,1.6,gnb_2,1
1.0,sumo_coupled_00000015,1.7,gnb_1,2
1.0,sumo_coupled_00000016,1.7,gnb_2,1
1.0,sumo_coupled_00000017,1.8,gnb_1,2
1.0,sumo_coupled_00000018,1.8,gnb_2,1
1.0,sumo_coupled_00000019,1.9,gnb_1,2
1.0,sumo_coupled_00000020,1.9,gnb_2,1
1.0,sumo_coupled_00000021,2,gnb_1,2
1.0,sumo_coupled_00000022,2,gnb_2,1
1.0,sumo_coupled_00000023,2.1,gnb_1,2
1.0,sumo_coupled_00000024,2.1,gnb_2,1
1.0,sumo_coupled_00000025,2.2,gnb_1,2
1.0,sumo_coupled_00000026,2.2,gnb_2,1
1.0,sumo_coupled_00000027,2.3,gnb_1,2
1.0,sumo_coupled_00000028,2.3,gnb_2,1
1.0,sumo_coupled_00000029,2.4,gnb_1,2
1.0,sumo_coupled_00000030,2.4,gnb_2,1
1.0,sumo_coupled_00000031,2.5,gnb_1,2
1.0,sumo_coupled_00000032,2.5,gnb_2,1
1.0,sumo_coupled_00000033,2.6,gnb_1,2
1.0,sumo_coupled_00000034,2.6,gnb_2,1
1.0,sumo_coupled_00000035,2.7,gnb_1,2
1.0,sumo_coupled_00000036,2.7,gnb_2,1
1.0,sumo_coupled_00000037,2.8,gnb_1,2
1.0,sumo_coupled_00000038,2.8,gnb_2,1
1.0,sumo_coupled_00000039,2.9,gnb_1,2
1.0,sumo_coupled_00000040,2.9,gnb_2,1
1.0,sumo_coupled_00000041,3,gnb_1,2
1.0,sumo_coupled_00000042,3,gnb_2,1
1.0,sumo_coupled_00000043,3.1,gnb_1,2
1.0,sumo_coupled_00000044,3.1,gnb_2,1
1.0,sumo_coupled_00000045,3.2,gnb_1,2
1.0,sumo_coupled_00000046,3.2,gnb_2,1
1.0,sumo_coupled_00000047,3.3,gnb_1,2
1.0,sumo_coupled_00000048,3.3,gnb_2,1
1.0,sumo_coupled_00000049,3.4,gnb_1,2
1.0,sumo_coupled_00000050,3.4,gnb_2,1
1.0,sumo_coupled_00000051,3.5,gnb_1,2
1.0,sumo_coupled_00000052,3.5,gnb_2,1
1.0,sumo_coupled_00000053,3.6,gnb_1,2
1.0,sumo_coupled_00000054,3.6,gnb_2,1
1.0,sumo_coupled_00000055,3.7,gnb_1,2
1.0,sumo_coupled_00000056,3.7,gnb_2,1
1.0,sumo_coupled_00000057,3.8,gnb_1,2
1.0,sumo_coupled_00000058,3.8,gnb_2,1
1.0,sumo_coupled_00000059,3.9,gnb_1,2
1.0,sumo_coupled_00000060,3.9,gnb_2,1
1.0,sumo_coupled_00000061,4,gnb_1,2
1.0,sumo_coupled_00000062,4,gnb_2,1
1.0,sumo_coupled_00000063,4.1,gnb_1,2
1.0,sumo_coupled_00000064,4.1,gnb_2,1
1.0,sumo_coupled_00000065,4.2,gnb_1,2
1.0,sumo_coupled_00000066,4.2,gnb_2,1
1.0,sumo_coupled_00000067,4.3,gnb_1,2
1.0,sumo_coupled_00000068,4.3,gnb_2,1
1.0,sumo_coupled_00000069,4.4,gnb_1,2
1.0,sumo_coupled_00000070,4.4,gnb_2,1
1.0,sumo_coupled_00000071,4.5,gnb_1,2
1.0,sumo_coupled_00000072,4.5,gnb_2,1
1.0,sumo_coupled_00000073,4.6,gnb_1,2
1.0,sumo_coupled_00000074,4.6,gnb_2,1
1.0,sumo_coupled_00000075,4.7,gnb_1,2
1.0,sumo_coupled_00000076,4.7,gnb_2,1
1.0,sumo_coupled_00000077,4.8,gnb_1,2
1.0,sumo_coupled_00000078,4.8,gnb_2,1
1.0,sumo_coupled_00000079,4.9,gnb_1,2
1.0,sumo_coupled_00000080,4.9,gnb_2,1
1.0,sumo_coupled_00000081,5,gnb_1,2
1.0,sumo_coupled_00000082,5,gnb_2,1
1.0,sumo_coupled_00000083,5.1,gnb_1,2
1.0,sumo_coupled_00000084,5.1,gnb_2,1
1.0,sumo_coupled_00000085,5.2,gnb_1,2
1.0,sumo_coupled_00000086,5.2,gnb_2,1
1.0,sumo_coupled_00000087,5.3,gnb_1,2
1.0,sumo_coupled_00000088,5.3,gnb_2,1
1.0,sumo_coupled_00000089,5.4,gnb_1,2
1.0,sumo_coupled_00000090,5.4,gnb_2,1
1.0,sumo_coupled_00000091,5.5,gnb_1,2
1.0,sumo_coupled_00000092,5.5,gnb_2,1
1.0,sumo_coupled_00000093,5.6,gnb_1,2
1.0,sumo_coupled_00000094,5.6,gnb_2,2
1.0,sumo_coupled_00000095,5.7,gnb_1,2
1.0,sumo_coupled_00000096,5.7,gnb_2,2
1.0,sumo_coupled_00000097,5.8,gnb_1,2
1.0,sumo_coupled_00000098,5.8,gnb_2,2
1.0,sumo_coupled_00000099,5.9,gnb_1,2
1.0,sumo_coupled_00000100,5.9,gnb_2,2
1.0,sumo_coupled_00000101,6,gnb_1,2
1.0,sumo_coupled_00000102,6,gnb_2,2
1.0,sumo_coupled_00000103,6.1,gnb_1,2
1.0,sumo_coupled_00000104,6.1,gnb_2,2
1.0,sumo_coupled_00000105,6.2,gnb_1,2
1.0,sumo_coupled_00000106,6.2,gnb_2,2
1.0,sumo_coupled_00000107,6.3,gnb_1,2
1.0,sumo_coupled_00000108,6.3,gnb_2,2
1.0,sumo_coupled_00000109,6.4,gnb_1,2
1.0,sumo_coupled_00000110,6.4,gnb_2,2
1.0,sumo_coupled_00000111,6.5,gnb_1,2
1.0,sumo_coupled_00000112,6.5,gnb_2,2
1.0,sumo_coupled_00000113,6.6,gnb_1,2
1.0,sumo_coupled_00000114,6.6,gnb_2,2
1.0,sumo_coupled_00000115,6.7,gnb_1,2
1.0,sumo_coupled_00000116,6.7,gnb_2,2
1.0,sumo_coupled_00000117,6.8,gnb_1,2
1.0,sumo_coupled_00000118,6.8,gnb_2,2
1.0,sumo_coupled_00000119,6.9,gnb_1,2
1.0,sumo_coupled_00000120,6.9,gnb_2,2
1.0,sumo_coupled_00000121,7,gnb_1,2
1.0,sumo_coupled_00000122,7,gnb_2,2
1.0,sumo_coupled_00000123,7.1,gnb_1,2
1.0,sumo_coupled_00000124,7.1,gnb_2,2
1.0,sumo_coupled_00000125,7.2,gnb_1,2
1.0,sumo_coupled_00000126,7.2,gnb_2,2
1.0,sumo_coupled_00000127,7.3,gnb_1,2
1.0,sumo_coupled_00000128,7.3,gnb_2,2
1.0,sumo_coupled_00000129,7.4,gnb_1,2
1.0,sumo_coupled_00000130,7.4,gnb_2,2
1.0,sumo_coupled_00000131,7.5,gnb_1,2
1.0,sumo_coupled_00000132,7.5,gnb_2,2
1.0,sumo_coupled_00000133,7.6,gnb_1,2
1.0,sumo_coupled_00000134,7.6,gnb_2,2
1.0,sumo_coupled_00000135,7.7,gnb_1,2
1.0,sumo_coupled_00000136,7.7,gnb_2,2
1.0,sumo_coupled_00000137,7.8,gnb_1,2
1.0,sumo_coupled_00000138,7.8,gnb_2,2
1.0,sumo_coupled_00000139,7.9,gnb_1,2
1.0,sumo_coupled_00000140,7.9,gnb_2,2
1.0,sumo_coupled_00000141,8,gnb_1,2
1.0,sumo_coupled_00000142,8,gnb_2,2
1.0,sumo_coupled_00000143,8.1,gnb_1,2
1.0,sumo_coupled_00000144,8.1,gnb_2,2
1.0,sumo_coupled_00000145,8.2,gnb_1,2
1.0,sumo_coupled_00000146,8.2,gnb_2,2
1.0,sumo_coupled_00000147,8.3,gnb_1,2
1.0,sumo_coupled_00000148,8.3,gnb_2,2
1.0,sumo_coupled_00000149,8.4,gnb_1,2
1.0,sumo_coupled_00000150,8.4,gnb_2,2
1.0,sumo_coupled_00000151,8.5,gnb_1,2
1.0,sumo_coupled_00000152,8.5,gnb_2,2
1.0,sumo_coupled_00000153,8.6,gnb_1,2
1.0,sumo_coupled_00000154,8.6,gnb_2,2
1.0,sumo_coupled_00000155,8.7,gnb_1,2
1.0,sumo_coupled_00000156,8.7,gnb_2,2
1.0,sumo_coupled_00000157,8.8,gnb_1,2
1.0,sumo_coupled_00000158,8.8,gnb_2,2
1.0,sumo_coupled_00000159,8.9,gnb_1,2
1.0,sumo_coupled_00000160,8.9,gnb_2,2
1.0,sumo_coupled_00000161,9,gnb_1,2
1.0,sumo_coupled_00000162,9,gnb_2,2
1.0,sumo_coupled_00000163,9.1,gnb_1,2
1.0,sumo_coupled_00000164,9.1,gnb_2,2
1.0,sumo_coupled_00000165,9.2,gnb_1,2
1.0,sumo_coupled_00000166,9.2,gnb_2,2
1.0,sumo_coupled_00000167,9.3,gnb_1,2
1.0,sumo_coupled_00000168,9.3,gnb_2,2
1.0,sumo_coupled_00000169,9.4,gnb_1,2
1.0,sumo_coupled_00000170,9.4,gnb_2,2
1.0,sumo_coupled_00000171,9.5,gnb_1,2
1.0,sumo_coupled_00000172,9.5,gnb_2,2
1.0,sumo_coupled_00000173,9.6,gnb_1,2
1.0,sumo_coupled_00000174,9.6,gnb_2,2
1.0,sumo_coupled_00000175,9.7,gnb_1,2
1.0,sumo_coupled_00000176,9.7,gnb_2,2
1.0,sumo_coupled_00000177,9.8,gnb_1,2
1.0,sumo_coupled_00000178,9.8,gnb_2,3
1.0,sumo_coupled_00000179,9.9,gnb_1,2
1.0,sumo_coupled_00000180,9.9,gnb_2,3
1.0,sumo_coupled_00000181,10,gnb_1,2
1.0,sumo_coupled_00000182,10,gnb_2,3
1.0,sumo_coupled_00000183,10.1,gnb_1,2
1.0,sumo_coupled_00000184,10.1,gnb_2,3
1.0,sumo_coupled_00000185,10.2,gnb_1,2
1.0,sumo_coupled_00000186,10.2,gnb_2,3
1.0,sumo_coupled_00000187,10.3,gnb_1,2
1.0,sumo_coupled_00000188,10.3,gnb_2,3
1.0,sumo_coupled_00000189,10.4,gnb_1,2
1.0,sumo_coupled_00000190,10.4,gnb_2,3
1.0,sumo_coupled_00000191,10.5,gnb_1,2
1.0,sumo_coupled_00000192,10.5,gnb_2,3
1.0,sumo_coupled_00000193,10.6,gnb_1,2
1.0,sumo_coupled_00000194,10.6,gnb_2,3
1.0,sumo_coupled_00000195,10.7,gnb_1,2
1.0,sumo_coupled_00000196,10.7,gnb_2,3
1.0,sumo_coupled_00000197,10.8,gnb_1,2
1.0,sumo_coupled_00000198,10.8,gnb_2,3
1.0,sumo_coupled_00000199,10.9,gnb_1,2
1.0,sumo_coupled_00000200,10.9,gnb_2,3
1.0,sumo_coupled_00000201,11,gnb_1,2
1.0,sumo_coupled_00000202,11,gnb_2,3
1.0,sumo_coupled_00000203,11.1,gnb_1,2
1.0,sumo_coupled_00000204,11.1,gnb_2,3
1.0,sumo_coupled_00000205,11.2,gnb_1,2
1.0,sumo_coupled_00000206,11.2,gnb_2,3
1.0,sumo_coupled_00000207,11.3,gnb_1,2
1.0,sumo_coupled_00000208,11.3,gnb_2,3
1.0,sumo_coupled_00000209,11.4,gnb_1,2
1.0,sumo_coupled_00000210,11.4,gnb_2,3
1.0,sumo_coupled_00000211,11.5,gnb_1,2
1.0,sumo_coupled_00000212,11.5,gnb_2,3
1.0,sumo_coupled_00000213,11.6,gnb_1,2
1.0,sumo_coupled_00000214,11.6,gnb_2,3
1.0,sumo_coupled_00000215,11.7,gnb_1,2
1.0,sumo_coupled_00000216,11.7,gnb_2,3
1.0,sumo_coupled_00000217,11.8,gnb_1,2
1.0,sumo_coupled_00000218,11.8,gnb_2,3
1.0,sumo_coupled_00000219,11.9,gnb_1,2
1.0,sumo_coupled_00000220,11.9,gnb_2,3
1.0,sumo_coupled_00000221,12,gnb_1,2
1.0,sumo_coupled_00000222,12,gnb_2,3
1.0,sumo_coupled_00000223,12.1,gnb_1,2
1.0,sumo_coupled_00000224,12.1,gnb_2,3
1.0,sumo_coupled_00000225,12.2,gnb_1,2
1.0,sumo_coupled_00000226,12.2,gnb_2,3
1.0,sumo_coupled_00000227,12.3,gnb_1,2
1.0,sumo_coupled_00000228,12.3,gnb_2,3
1.0,sumo_coupled_00000229,12.4,gnb_1,2
1.0,sumo_coupled_00000230,12.4,gnb_2,3
1.0,sumo_coupled_00000231,12.5,gnb_1,2
1.0,sumo_coupled_00000232,12.5,gnb_2,3
1.0,sumo_coupled_00000233,12.6,gnb_1,2
1.0,sumo_coupled_00000234,12.6,gnb_2,3
1.0,sumo_coupled_00000235,12.7,gnb_1,2
1.0,sumo_coupled_00000236,12.7,gnb_2,3
1.0,sumo_coupled_00000237,12.8,gnb_1,2
1.0,sumo_coupled_00000238,12.8,gnb_2,3
1.0,sumo_coupled_00000239,12.9,gnb_1,2
1.0,sumo_coupled_00000240,12.9,gnb_2,3
1.0,sumo_coupled_00000241,13,gnb_1,2
1.0,sumo_coupled_00000242,13,gnb_2,3
1.0,sumo_coupled_00000243,13.1,gnb_1,2
1.0,sumo_coupled_00000244,13.1,gnb_2,3
1.0,sumo_coupled_00000245,13.2,gnb_1,2
1.0,sumo_coupled_00000246,13.2,gnb_2,3
1.0,sumo_coupled_00000247,13.3,gnb_1,2
1.0,sumo_coupled_00000248,13.3,gnb_2,3
1.0,sumo_coupled_00000249,13.4,gnb_1,2
1.0,sumo_coupled_00000250,13.4,gnb_2,3
1.0,sumo_coupled_00000251,13.5,gnb_1,2
1.0,sumo_coupled_00000252,13.5,gnb_2,3
1.0,sumo_coupled_00000253,13.6,gnb_1,2
1.0,sumo_coupled_00000254,13.6,gnb_2,4
1.0,sumo_coupled_00000255,13.7,gnb_1,2
1.0,sumo_coupled_00000256,13.7,gnb_2,4
1.0,sumo_coupled_00000257,13.8,gnb_1,2
1.0,sumo_coupled_00000258,13.8,gnb_2,4
1.0,sumo_coupled_00000259,13.9,gnb_1,2
1.0,sumo_coupled_00000260,13.9,gnb_2,4
1.0,sumo_coupled_00000261,14,gnb_1,2
1.0,sumo_coupled_00000262,14,gnb_2,4
1.0,sumo_coupled_00000263,14.1,gnb_1,2
1.0,sumo_coupled_00000264,14.1,gnb_2,4
1.0,sumo_coupled_00000265,14.2,gnb_1,2
1.0,sumo_coupled_00000266,14.2,gnb_2,4
1.0,sumo_coupled_00000267,14.3,gnb_1,2
1.0,sumo_coupled_00000268,14.3,gnb_2,4
1.0,sumo_coupled_00000269,14.4,gnb_1,2
1.0,sumo_coupled_00000270,14.4,gnb_2,4
1.0,sumo_coupled_00000271,14.5,gnb_1,2
1.0,sumo_coupled_00000272,14.5,gnb_2,4
1.0,sumo_coupled_00000273,14.6,gnb_1,2
1.0,sumo_coupled_00000274,14.6,gnb_2,4
1.0,sumo_coupled_00000275,14.7,gnb_1,2
1.0,sumo_coupled_00000276,14.7,gnb_2,4
1.0,sumo_coupled_00000277,14.8,gnb_1,2
1.0,sumo_coupled_00000278,14.8,gnb_2,4
1.0,sumo_coupled_00000279,14.9,gnb_1,2
1.0,sumo_coupled_00000280,14.9,gnb_2,4
1.0,sumo_coupled_00000281,15,gnb_1,2
1.0,sumo_coupled_00000282,15,gnb_2,4
1.0,sumo_coupled_00000283,15.1,gnb_1,2
1.0,sumo_coupled_00000284,15.1,gnb_2,4
1.0,sumo_coupled_00000285,15.2,gnb_1,2
1.0,sumo_coupled_00000286,15.2,gnb_2,4
1.0,sumo_coupled_00000287,15.3,gnb_1,2
1.0,sumo_coupled_00000288,15.3,gnb_2,4
1.0,sumo_coupled_00000289,15.4,gnb_1,2
1.0,sumo_coupled_00000290,15.4,gnb_2,4
1.0,sumo_coupled_00000291,15.5,gnb_1,2
1.0,sumo_coupled_00000292,15.5,gnb_2,4
1.0,sumo_coupled_00000293,15.6,gnb_1,2
1.0,sumo_coupled_00000294,15.6,gnb_2,4
1.0,sumo_coupled_00000295,15.7,gnb_1,2
1.0,sumo_coupled_00000296,15.7,gnb_2,4
1.0,sumo_coupled_00000297,15.8,gnb_1,2
1.0,sumo_coupled_00000298,15.8,gnb_2,4
1.0,sumo_coupled_00000299,15.9,gnb_1,2
1.0,sumo_coupled_00000300,15.9,gnb_2,4
1.0,sumo_coupled_00000301,16,gnb_1,2
1.0,sumo_coupled_00000302,16,gnb_2,4
1.0,sumo_coupled_00000303,16.1,gnb_1,2
1.0,sumo_coupled_00000304,16.1,gnb_2,4
1.0,sumo_coupled_00000305,16.2,gnb_1,2
1.0,sumo_coupled_00000306,16.2,gnb_2,4
1.0,sumo_coupled_00000307,16.3,gnb_1,2
1.0,sumo_coupled_00000308,16.3,gnb_2,4
1.0,sumo_coupled_00000309,16.4,gnb_1,2
1.0,sumo_coupled_00000310,16.4,gnb_2,4
1.0,sumo_coupled_00000311,16.5,gnb_1,2
1.0,sumo_coupled_00000312,16.5,gnb_2,4
1.0,sumo_coupled_00000313,16.6,gnb_1,2
1.0,sumo_coupled_00000314,16.6,gnb_2,4
1.0,sumo_coupled_00000315,16.7,gnb_1,2
1.0,sumo_coupled_00000316,16.7,gnb_2,4
1.0,sumo_coupled_00000317,16.8,gnb_1,2
1.0,sumo_coupled_00000318,16.8,gnb_2,4
1.0,sumo_coupled_00000319,16.9,gnb_1,2
1.0,sumo_coupled_00000320,16.9,gnb_2,4
1.0,sumo_coupled_00000321,17,gnb_1,2
1.0,sumo_coupled_00000322,17,gnb_2,4
1.0,sumo_coupled_00000323,17.1,gnb_1,2
1.0,sumo_coupled_00000324,17.1,gnb_2,4
1.0,sumo_coupled_00000325,17.2,gnb_1,2
1.0,sumo_coupled_00000326,17.2,gnb_2,4
1.0,sumo_coupled_00000327,17.3,gnb_1,2
1.0,sumo_coupled_00000328,17.3,gnb_2,4
1.0,sumo_coupled_00000329,17.4,gnb_1,2
1.0,sumo_coupled_00000330,17.4,gnb_2,4
1.0,sumo_coupled_00000331,17.5,gnb_1,2
1.0,sumo_coupled_00000332,17.5,gnb_2,4
1.0,sumo_coupled_00000333,17.6,gnb_1,2
1.0,sumo_coupled_00000334,17.6,gnb_2,4
1.0,sumo_coupled_00000335,17.7,gnb_1,2
1.0,sumo_coupled_00000336,17.7,gnb_2,4
1.0,sumo_coupled_00000337,17.8,gnb_1,2
1.0,sumo_coupled_00000338,17.8,gnb_2,4
1.0,sumo_coupled_00000339,17.9,gnb_1,2
1.0,sumo_coupled_00000340,17.9,gnb_2,4
1.0,sumo_coupled_00000341,18,gnb_1,2
1.0,sumo_coupled_00000342,18,gnb_2,4
1.0,sumo_coupled_00000343,18.1,gnb_1,2
1.0,sumo_coupled_00000344,18.1,gnb_2,4
1.0,sumo_coupled_00000345,18.2,gnb_1,2
1.0,sumo_coupled_00000346,18.2,gnb_2,4
1.0,sumo_coupled_00000347,18.3,gnb_1,2
1.0,sumo_coupled_00000348,18.3,gnb_2,4
1.0,sumo_coupled_00000349,18.4,gnb_1,2
1.0,sumo_coupled_00000350,18.4,gnb_2,4
1.0,sumo_coupled_00000351,18.5,gnb_1,2
1.0,sumo_coupled_00000352,18.5,gnb_2,4
1.0,sumo_coupled_00000353,18.6,gnb_1,2
1.0,sumo_coupled_00000354,18.6,gnb_2,4
1.0,sumo_coupled_00000355,18.7,gnb_1,2
1.0,sumo_coupled_00000356,18.7,gnb_2,4
1.0,sumo_coupled_00000357,18.8,gnb_1,2
1.0,sumo_coupled_00000358,18.8,gnb_2,4
1.0,sumo_coupled_00000359,18.9,gnb_1,2
1.0,sumo_coupled_00000360,18.9,gnb_2,5
1.0,sumo_coupled_00000361,19,gnb_1,2
1.0,sumo_coupled_00000362,19,gnb_2,5
1.0,sumo_coupled_00000363,19.1,gnb_1,2
1.0,sumo_coupled_00000364,19.1,gnb_2,5
1.0,sumo_coupled_00000365,19.2,gnb_1,2
1.0,sumo_coupled_00000366,19.2,gnb_2,5
1.0,sumo_coupled_00000367,19.3,gnb_1,2
1.0,sumo_coupled_00000368,19.3,gnb_2,5
1.0,sumo_coupled_00000369,19.4,gnb_1,2
1.0,sumo_coupled_00000370,19.4,gnb_2,5
1.0,sumo_coupled_00000371,19.5,gnb_1,2
1.0,sumo_coupled_00000372,19.5,gnb_2,5
1.0,sumo_coupled_00000373,19.6,gnb_1,2
1.0,sumo_coupled_00000374,19.6,gnb_2,5
1.0,sumo_coupled_00000375,19.7,gnb_1,2
1.0,sumo_coupled_00000376,19.7,gnb_2,5
1.0,sumo_coupled_00000377,19.8,gnb_1,2
1.0,sumo_coupled_00000378,19.8,gnb_2,5
1.0,sumo_coupled_00000379,19.9,gnb_1,2
1.0,sumo_coupled_00000380,19.9,gnb_2,5
1.0,sumo_coupled_00000381,20,gnb_1,2
1.0,sumo_coupled_00000382,20,gnb_2,5
1.0,sumo_coupled_00000383,20.1,gnb_1,2
1.0,sumo_coupled_00000384,20.1,gnb_2,5
1.0,sumo_coupled_00000385,20.2,gnb_1,2
1.0,sumo_coupled_00000386,20.2,gnb_2,5
1.0,sumo_coupled_00000387,20.3,gnb_1,2
1.0,sumo_coupled_00000388,20.3,gnb_2,5
1.0,sumo_coupled_00000389,20.4,gnb_1,2
1.0,sumo_coupled_00000390,20.4,gnb_2,5
1.0,sumo_coupled_00000391,20.5,gnb_1,2
1.0,sumo_coupled_00000392,20.5,gnb_2,5
1.0,sumo_coupled_00000393,20.6,gnb_1,2
1.0,sumo_coupled_00000394,20.6,gnb_2,5
1.0,sumo_coupled_00000395,20.7,gnb_1,2
1.0,sumo_coupled_00000396,20.7,gnb_2,5
1.0,sumo_coupled_00000397,20.8,gnb_1,2
1.0,sumo_coupled_00000398,20.8,gnb_2,5
1.0,sumo_coupled_00000399,20.9,gnb_1,2
1.0,sumo_coupled_00000400,20.9,gnb_2,5
1.0,sumo_coupled_00000401,21,gnb_1,2
1.0,sumo_coupled_00000402,21,gnb_2,5
1.0,sumo_coupled_00000403,21.1,gnb_1,2
1.0,sumo_coupled_00000404,21.1,gnb_2,5
1.0,sumo_coupled_00000405,21.2,gnb_1,2
1.0,sumo_coupled_00000406,21.2,gnb_2,5
1.0,sumo_coupled_00000407,21.3,gnb_1,2
1.0,sumo_coupled_00000408,21.3,gnb_2,5
1.0,sumo_coupled_00000409,21.4,gnb_1,2
1.0,sumo_coupled_00000410,21.4,gnb_2,5
1.0,sumo_coupled_00000411,21.5,gnb_1,2
1.0,sumo_coupled_00000412,21.5,gnb_2,5
1.0,sumo_coupled_00000413,21.6,gnb_1,2
1.0,sumo_coupled_00000414,21.6,gnb_2,5
1.0,sumo_coupled_00000415,21.7,gnb_1,2
1.0,sumo_coupled_00000416,21.7,gnb_2,5
1.0,sumo_coupled_00000417,21.8,gnb_1,2
1.0,sumo_coupled_00000418,21.8,gnb_2,5
1.0,sumo_coupled_00000419,21.9,gnb_1,2
1.0,sumo_coupled_00000420,21.9,gnb_2,5
1.0,sumo_coupled_00000421,22,gnb_1,2
1.0,sumo_coupled_00000422,22,gnb_2,5
1.0,sumo_coupled_00000423,22.1,gnb_1,2
1.0,sumo_coupled_00000424,22.1,gnb_2,5
1.0,sumo_coupled_00000425,22.2,gnb_1,2
1.0,sumo_coupled_00000426,22.2,gnb_2,5
1.0,sumo_coupled_00000427,22.3,gnb_1,2
1.0,sumo_coupled_00000428,22.3,gnb_2,5
1.0,sumo_coupled_00000429,22.4,gnb_1,2
1.0,sumo_coupled_00000430,22.4,gnb_2,5
1.0,sumo_coupled_00000431,22.5,gnb_1,2
1.0,sumo_coupled_00000432,22.5,gnb_2,5
1.0,sumo_coupled_00000433,22.6,gnb_1,2
1.0,sumo_coupled_00000434,22.6,gnb_2,5
1.0,sumo_coupled_00000435,22.7,gnb_1,2
1.0,sumo_coupled_00000436,22.7,gnb_2,5
1.0,sumo_coupled_00000437,22.8,gnb_1,2
1.0,sumo_coupled_00000438,22.8,gnb_2,5
1.0,sumo_coupled_00000439,22.9,gnb_1,2
1.0,sumo_coupled_00000440,22.9,gnb_2,6
1.0,sumo_coupled_00000441,23,gnb_1,2
1.0,sumo_coupled_00000442,23,gnb_2,6
1.0,sumo_coupled_00000443,23.1,gnb_1,2
1.0,sumo_coupled_00000444,23.1,gnb_2,6
1.0,sumo_coupled_00000445,23.2,gnb_1,2
1.0,sumo_coupled_00000446,23.2,gnb_2,6
1.0,sumo_coupled_00000447,23.3,gnb_1,2
1.0,sumo_coupled_00000448,23.3,gnb_2,6
1.0,sumo_coupled_00000449,23.4,gnb_1,2
1.0,sumo_coupled_00000450,23.4,gnb_2,6
1.0,sumo_coupled_00000451,23.5,gnb_1,2
1.0,sumo_coupled_00000452,23.5,gnb_2,6
1.0,sumo_coupled_00000453,23.6,gnb_1,2
1.0,sumo_coupled_00000454,23.6,gnb_2,6
1.0,sumo_coupled_00000455,23.7,gnb_1,2
1.0,sumo_coupled_00000456,23.7,gnb_2,6
1.0,sumo_coupled_00000457,23.8,gnb_1,2
1.0,sumo_coupled_00000458,23.8,gnb_2,6
1.0,sumo_coupled_00000459,23.9,gnb_1,2
1.0,sumo_coupled_00000460,23.9,gnb_2,6
1.0,sumo_coupled_00000461,24,gnb_1,2
1.0,sumo_coupled_00000462,24,gnb_2,6
1.0,sumo_coupled_00000463,24.1,gnb_1,2
1.0,sumo_coupled_00000464,24.1,gnb_2,6
1.0,sumo_coupled_00000465,24.2,gnb_1,2
1.0,sumo_coupled_00000466,24.2,gnb_2,6
1.0,sumo_coupled_00000467,24.3,gnb_1,1
1.0,sumo_coupled_00000468,24.3,gnb_2,7
1.0,sumo_coupled_00000469,24.4,gnb_1,1
1.0,sumo_coupled_00000470,24.4,gnb_2,7
1.0,sumo_coupled_00000471,24.5,gnb_1,1
1.0,sumo_coupled_00000472,24.5,gnb_2,7
1.0,sumo_coupled_00000473,24.6,gnb_1,1
1.0,sumo_coupled_00000474,24.6,gnb_2,7
1.0,sumo_coupled_00000475,24.7,gnb_1,1
1.0,sumo_coupled_00000476,24.7,gnb_2,7
1.0,sumo_coupled_00000477,24.8,gnb_1,1
1.0,sumo_coupled_00000478,24.8,gnb_2,7
1.0,sumo_coupled_00000479,24.9,gnb_1,1
1.0,sumo_coupled_00000480,24.9,gnb_2,7
1.0,sumo_coupled_00000481,25,gnb_1,1
1.0,sumo_coupled_00000482,25,gnb_2,7
1.0,sumo_coupled_00000483,25.1,gnb_1,1
1.0,sumo_coupled_00000484,25.1,gnb_2,7
1.0,sumo_coupled_00000485,25.2,gnb_1,1
1.0,sumo_coupled_00000486,25.2,gnb_2,7
1.0,sumo_coupled_00000487,25.3,gnb_1,1
1.0,sumo_coupled_00000488,25.3,gnb_2,7
1.0,sumo_coupled_00000489,25.4,gnb_1,1
1.0,sumo_coupled_00000490,25.4,gnb_2,7
1.0,sumo_coupled_00000491,25.5,gnb_1,1
1.0,sumo_coupled_00000492,25.5,gnb_2,7
1.0,sumo_coupled_00000493,25.6,gnb_1,1
1.0,sumo_coupled_00000494,25.6,gnb_2,7
1.0,sumo_coupled_00000495,25.7,gnb_1,1
1.0,sumo_coupled_00000496,25.7,gnb_2,7
1.0,sumo_coupled_00000497,25.8,gnb_1,1
1.0,sumo_coupled_00000498,25.8,gnb_2,7
1.0,sumo_coupled_00000499,25.9,gnb_1,1
1.0,sumo_coupled_00000500,25.9,gnb_2,7
1.0,sumo_coupled_00000501,26,gnb_1,1
1.0,sumo_coupled_00000502,26,gnb_2,7
1.0,sumo_coupled_00000503,26.1,gnb_1,1
1.0,sumo_coupled_00000504,26.1,gnb_2,7
1.0,sumo_coupled_00000505,26.2,gnb_1,1
1.0,sumo_coupled_00000506,26.2,gnb_2,7
1.0,sumo_coupled_00000507,26.3,gnb_1,1
1.0,sumo_coupled_00000508,26.3,gnb_2,7
1.0,sumo_coupled_00000509,26.4,gnb_1,1
1.0,sumo_coupled_00000510,26.4,gnb_2,7
1.0,sumo_coupled_00000511,26.5,gnb_1,1
1.0,sumo_coupled_00000512,26.5,gnb_2,7
1.0,sumo_coupled_00000513,26.6,gnb_1,1
1.0,sumo_coupled_00000514,26.6,gnb_2,7
1.0,sumo_coupled_00000515,26.7,gnb_1,1
1.0,sumo_coupled_00000516,26.7,gnb_2,7
1.0,sumo_coupled_00000517,26.8,gnb_1,1
1.0,sumo_coupled_00000518,26.8,gnb_2,8
1.0,sumo_coupled_00000519,26.9,gnb_1,1
1.0,sumo_coupled_00000520,26.9,gnb_2,8
1.0,sumo_coupled_00000521,27,gnb_1,1
1.0,sumo_coupled_00000522,27,gnb_2,8
1.0,sumo_coupled_00000523,27.1,gnb_1,1
1.0,sumo_coupled_00000524,27.1,gnb_2,8
1.0,sumo_coupled_00000525,27.2,gnb_1,1
1.0,sumo_coupled_00000526,27.2,gnb_2,8
1.0,sumo_coupled_00000527,27.3,gnb_1,1
1.0,sumo_coupled_00000528,27.3,gnb_2,8
1.0,sumo_coupled_00000529,27.4,gnb_1,1
1.0,sumo_coupled_00000530,27.4,gnb_2,8
1.0,sumo_coupled_00000531,27.5,gnb_1,1
1.0,sumo_coupled_00000532,27.5,gnb_2,8
1.0,sumo_coupled_00000533,27.6,gnb_1,1
1.0,sumo_coupled_00000534,27.6,gnb_2,8
1.0,sumo_coupled_00000535,27.7,gnb_1,1
1.0,sumo_coupled_00000536,27.7,gnb_2,8
1.0,sumo_coupled_00000537,27.8,gnb_1,1
1.0,sumo_coupled_00000538,27.8,gnb_2,8
1.0,sumo_coupled_00000539,27.9,gnb_1,1
1.0,sumo_coupled_00000540,27.9,gnb_2,8
1.0,sumo_coupled_00000541,28,gnb_1,1
1.0,sumo_coupled_00000542,28,gnb_2,8
1.0,sumo_coupled_00000543,28.1,gnb_1,1
1.0,sumo_coupled_00000544,28.1,gnb_2,8
1.0,sumo_coupled_00000545,28.2,gnb_1,1
1.0,sumo_coupled_00000546,28.2,gnb_2,8
1.0,sumo_coupled_00000547,28.3,gnb_1,1
1.0,sumo_coupled_00000548,28.3,gnb_2,8
1.0,sumo_coupled_00000549,28.4,gnb_1,1
1.0,sumo_coupled_00000550,28.4,gnb_2,8
1.0,sumo_coupled_00000551,28.5,gnb_1,1
1.0,sumo_coupled_00000552,28.5,gnb_2,8
1.0,sumo_coupled_00000553,28.6,gnb_1,1
1.0,sumo_coupled_00000554,28.6,gnb_2,8
1.0,sumo_coupled_00000555,28.7,gnb_1,1
1.0,sumo_coupled_00000556,28.7,gnb_2,8
1.0,sumo_coupled_00000557,28.8,gnb_1,1
1.0,sumo_coupled_00000558,28.8,gnb_2,8
1.0,sumo_coupled_00000559,28.9,gnb_1,1
1.0,sumo_coupled_00000560,28.9,gnb_2,8
1.0,sumo_coupled_00000561,29,gnb_1,1
1.0,sumo_coupled_00000562,29,gnb_2,8
1.0,sumo_coupled_00000563,29.1,gnb_1,1
1.0,sumo_coupled_00000564,29.1,gnb_2,8
1.0,sumo_coupled_00000565,29.2,gnb_1,1
1.0,sumo_coupled_00000566,29.2,gnb_2,8
1.0,sumo_coupled_00000567,29.3,gnb_1,1
1.0,sumo_coupled_00000568,29.3,gnb_2,8
1.0,sumo_coupled_00000569,29.4,gnb_1,1
1.0,sumo_coupled_00000570,29.4,gnb_2,8
1.0,sumo_coupled_00000571,29.5,gnb_1,1
1.0,sumo_coupled_00000572,29.5,gnb_2,8
1.0,sumo_coupled_00000573,29.6,gnb_1,1
1.0,sumo_coupled_00000574,29.6,gnb_2,8
1.0,sumo_coupled_00000575,29.7,gnb_1,1
1.0,sumo_coupled_00000576,29.7,gnb_2,8
1.0,sumo_coupled_00000577,29.8,gnb_1,1
1.0,sumo_coupled_00000578,29.8,gnb_2,8
1.0,sumo_coupled_00000579,29.9,gnb_1,1
1.0,sumo_coupled_00000580,29.9,gnb_2,8
1.0,sumo_coupled_00000581,30,gnb_1,1
1.0,sumo_coupled_00000582,30,gnb_2,8
1.0,sumo_coupled_00000583,30.1,gnb_1,1
1.0,sumo_coupled_00000584,30.1,gnb_2,8
1.0,sumo_coupled_00000585,30.2,gnb_1,1
1.0,sumo_coupled_00000586,30.2,gnb_2,8
1.0,sumo_coupled_00000587,30.3,gnb_1,1
1.0,sumo_coupled_00000588,30.3,gnb_2,8
1.0,sumo_coupled_00000589,30.4,gnb_1,1
1.0,sumo_coupled_00000590,30.4,gnb_2,8
1.0,sumo_coupled_00000591,30.5,gnb_1,1
1.0,sumo_coupled_00000592,30.5,gnb_2,8
1.0,sumo_coupled_00000593,30.6,gnb_1,1
1.0,sumo_coupled_00000594,30.6,gnb_2,8
1.0,sumo_coupled_00000595,30.7,gnb_1,1
1.0,sumo_coupled_00000596,30.7,gnb_2,8
1.0,sumo_coupled_00000597,30.8,gnb_1,1
1.0,sumo_coupled_00000598,30.8,gnb_2,8
1.0,sumo_coupled_00000599,30.9,gnb_1,1
1.0,sumo_coupled_00000600,30.9,gnb_2,8
1.0,sumo_coupled_00000601,31,gnb_1,1
1.0,sumo_coupled_00000602,31,gnb_2,8
1.0,sumo_coupled_00000603,31.1,gnb_1,1
1.0,sumo_coupled_00000604,31.1,gnb_2,8
1.0,sumo_coupled_00000605,31.2,gnb_1,1
1.0,sumo_coupled_00000606,31.2,gnb_2,8
1.0,sumo_coupled_00000607,31.3,gnb_1,1
1.0,sumo_coupled_00000608,31.3,gnb_2,8
1.0,sumo_coupled_00000609,31.4,gnb_1,1
1.0,sumo_coupled_00000610,31.4,gnb_2,8
1.0,sumo_coupled_00000611,31.5,gnb_1,1
1.0,sumo_coupled_00000612,31.5,gnb_2,8
1.0,sumo_coupled_00000613,31.6,gnb_1,1
1.0,sumo_coupled_00000614,31.6,gnb_2,8
1.0,sumo_coupled_00000615,31.7,gnb_2,9
1.0,sumo_coupled_00000616,31.8,gnb_2,9
1.0,sumo_coupled_00000617,31.9,gnb_2,9
1.0,sumo_coupled_00000618,32,gnb_2,9
1.0,sumo_coupled_00000619,32.1,gnb_2,9
1.0,sumo_coupled_00000620,32.2,gnb_2,10
1.0,sumo_coupled_00000621,32.3,gnb_2,10
1.0,sumo_coupled_00000622,32.4,gnb_2,10
1.0,sumo_coupled_00000623,32.5,gnb_2,10
1.0,sumo_coupled_00000624,32.6,gnb_2,10
1.0,sumo_coupled_00000625,32.7,gnb_2,10
1.0,sumo_coupled_00000626,32.8,gnb_2,10
1.0,sumo_coupled_00000627,32.9,gnb_2,10
1.0,sumo_coupled_00000628,33,gnb_2,10
1.0,sumo_coupled_00000629,33.1,gnb_2,10
1.0,sumo_coupled_00000630,33.2,gnb_2,10
1.0,sumo_coupled_00000631,33.3,gnb_2,10
1.0,sumo_coupled_00000632,33.4,gnb_2,10
1.0,sumo_coupled_00000633,33.5,gnb_2,10
1.0,sumo_coupled_00000634,33.6,gnb_2,10
1.0,sumo_coupled_00000635,33.7,gnb_2,10
1.0,sumo_coupled_00000636,33.8,gnb_1,1
1.0,sumo_coupled_00000637,33.8,gnb_2,9
1.0,sumo_coupled_00000638,33.9,gnb_1,1
1.0,sumo_coupled_00000639,33.9,gnb_2,9
1.0,sumo_coupled_00000640,34,gnb_1,1
1.0,sumo_coupled_00000641,34,gnb_2,9
1.0,sumo_coupled_00000642,34.1,gnb_1,1
1.0,sumo_coupled_00000643,34.1,gnb_2,9
1.0,sumo_coupled_00000644,34.2,gnb_1,1
1.0,sumo_coupled_00000645,34.2,gnb_2,9
1.0,sumo_coupled_00000646,34.3,gnb_1,1
1.0,sumo_coupled_00000647,34.3,gnb_2,9
1.0,sumo_coupled_00000648,34.4,gnb_1,1
1.0,sumo_coupled_00000649,34.4,gnb_2,9
1.0,sumo_coupled_00000650,34.5,gnb_1,1
1.0,sumo_coupled_00000651,34.5,gnb_2,9
1.0,sumo_coupled_00000652,34.6,gnb_1,1
1.0,sumo_coupled_00000653,34.6,gnb_2,9
1.0,sumo_coupled_00000654,34.7,gnb_1,1
1.0,sumo_coupled_00000655,34.7,gnb_2,9
1.0,sumo_coupled_00000656,34.8,gnb_1,1
1.0,sumo_coupled_00000657,34.8,gnb_2,9
1.0,sumo_coupled_00000658,34.9,gnb_1,1
1.0,sumo_coupled_00000659,34.9,gnb_2,9
1.0,sumo_coupled_00000660,35,gnb_1,1
1.0,sumo_coupled_00000661,35,gnb_2,9
1.0,sumo_coupled_00000662,35.1,gnb_1,1
1.0,sumo_coupled_00000663,35.1,gnb_2,9
1.0,sumo_coupled_00000664,35.2,gnb_1,1
1.0,sumo_coupled_00000665,35.2,gnb_2,9
1.0,sumo_coupled_00000666,35.3,gnb_1,1
1.0,sumo_coupled_00000667,35.3,gnb_2,9
1.0,sumo_coupled_00000668,35.4,gnb_1,1
1.0,sumo_coupled_00000669,35.4,gnb_2,9
1.0,sumo_coupled_00000670,35.5,gnb_1,2
1.0,sumo_coupled_00000671,35.5,gnb_2,8
1.0,sumo_coupled_00000672,35.6,gnb_1,2
1.0,sumo_coupled_00000673,35.6,gnb_2,8
1.0,sumo_coupled_00000674,35.7,gnb_1,2
1.0,sumo_coupled_00000675,35.7,gnb_2,8
1.0,sumo_coupled_00000676,35.8,gnb_1,2
1.0,sumo_coupled_00000677,35.8,gnb_2,8
1.0,sumo_coupled_00000678,35.9,gnb_1,2
1.0,sumo_coupled_00000679,35.9,gnb_2,8
1.0,sumo_coupled_00000680,36,gnb_1,2
1.0,sumo_coupled_00000681,36,gnb_2,8
1.0,sumo_coupled_00000682,36.1,gnb_1,2
1.0,sumo_coupled_00000683,36.1,gnb_2,8
1.0,sumo_coupled_00000684,36.2,gnb_1,2
1.0,sumo_coupled_00000685,36.2,gnb_2,8
1.0,sumo_coupled_00000686,36.3,gnb_1,2
1.0,sumo_coupled_00000687,36.3,gnb_2,8
1.0,sumo_coupled_00000688,36.4,gnb_1,2
1.0,sumo_coupled_00000689,36.4,gnb_2,8
1.0,sumo_coupled_00000690,36.5,gnb_1,2
1.0,sumo_coupled_00000691,36.5,gnb_2,8
1.0,sumo_coupled_00000692,36.6,gnb_1,2
1.0,sumo_coupled_00000693,36.6,gnb_2,8
1.0,sumo_coupled_00000694,36.7,gnb_1,2
1.0,sumo_coupled_00000695,36.7,gnb_2,8
1.0,sumo_coupled_00000696,36.8,gnb_1,2
1.0,sumo_coupled_00000697,36.8,gnb_2,8
1.0,sumo_coupled_00000698,36.9,gnb_1,2
1.0,sumo_coupled_00000699,36.9,gnb_2,8
1.0,sumo_coupled_00000700,37,gnb_1,2
1.0,sumo_coupled_00000701,37,gnb_2,8
1.0,sumo_coupled_00000702,37.1,gnb_1,3
1.0,sumo_coupled_00000703,37.1,gnb_2,7
1.0,sumo_coupled_00000704,37.2,gnb_1,3
1.0,sumo_coupled_00000705,37.2,gnb_2,7
1.0,sumo_coupled_00000706,37.3,gnb_1,3
1.0,sumo_coupled_00000707,37.3,gnb_2,7
1.0,sumo_coupled_00000708,37.4,gnb_1,3
1.0,sumo_coupled_00000709,37.4,gnb_2,7
1.0,sumo_coupled_00000710,37.5,gnb_1,3
1.0,sumo_coupled_00000711,37.5,gnb_2,7
1.0,sumo_coupled_00000712,37.6,gnb_1,3
1.0,sumo_coupled_00000713,37.6,gnb_2,7
1.0,sumo_coupled_00000714,37.7,gnb_1,3
1.0,sumo_coupled_00000715,37.7,gnb_2,7
1.0,sumo_coupled_00000716,37.8,gnb_1,3
1.0,sumo_coupled_00000717,37.8,gnb_2,7
1.0,sumo_coupled_00000718,37.9,gnb_1,3
1.0,sumo_coupled_00000719,37.9,gnb_2,7
1.0,sumo_coupled_00000720,38,gnb_1,3
1.0,sumo_coupled_00000721,38,gnb_2,7
1.0,sumo_coupled_00000722,38.1,gnb_1,3
1.0,sumo_coupled_00000723,38.1,gnb_2,7
1.0,sumo_coupled_00000724,38.2,gnb_1,3
1.0,sumo_coupled_00000725,38.2,gnb_2,7
1.0,sumo_coupled_00000726,38.3,gnb_1,3
1.0,sumo_coupled_00000727,38.3,gnb_2,7
1.0,sumo_coupled_00000728,38.4,gnb_1,3
1.0,sumo_coupled_00000729,38.4,gnb_2,7
1.0,sumo_coupled_00000730,38.5,gnb_1,3
1.0,sumo_coupled_00000731,38.5,gnb_2,7
1.0,sumo_coupled_00000732,38.6,gnb_1,3
1.0,sumo_coupled_00000733,38.6,gnb_2,7
1.0,sumo_coupled_00000734,38.7,gnb_1,3
1.0,sumo_coupled_00000735,38.7,gnb_2,7
1.0,sumo_coupled_00000736,38.8,gnb_1,3
1.0,sumo_coupled_00000737,38.8,gnb_2,7
1.0,sumo_coupled_00000738,38.9,gnb_1,3
1.0,sumo_coupled_00000739,38.9,gnb_2,7
1.0,sumo_coupled_00000740,39,gnb_1,3
1.0,sumo_coupled_00000741,39,gnb_2,7
1.0,sumo_coupled_00000742,39.1,gnb_1,3
1.0,sumo_coupled_00000743,39.1,gnb_2,7
1.0,sumo_coupled_00000744,39.2,gnb_1,3
1.0,sumo_coupled_00000745,39.2,gnb_2,7
1.0,sumo_coupled_00000746,39.3,gnb_1,3
1.0,sumo_coupled_00000747,39.3,gnb_2,7
1.0,sumo_coupled_00000748,39.4,gnb_1,3
1.0,sumo_coupled_00000749,39.4,gnb_2,7
1.0,sumo_coupled_00000750,39.5,gnb_1,3
1.0,sumo_coupled_00000751,39.5,gnb_2,7
1.0,sumo_coupled_00000752,39.6,gnb_1,3
1.0,sumo_coupled_00000753,39.6,gnb_2,7
1.0,sumo_coupled_00000754,39.7,gnb_1,3
1.0,sumo_coupled_00000755,39.7,gnb_2,6
1.0,sumo_coupled_00000756,39.8,gnb_1,3
1.0,sumo_coupled_00000757,39.8,gnb_2,6
1.0,sumo_coupled_00000758,39.9,gnb_1,3
1.0,sumo_coupled_00000759,39.9,gnb_2,6
1.0,sumo_coupled_00000760,40,gnb_1,3
1.0,sumo_coupled_00000761,40,gnb_2,6
1.0,sumo_coupled_00000762,40.1,gnb_1,3
1.0,sumo_coupled_00000763,40.1,gnb_2,6
1.0,sumo_coupled_00000764,40.2,gnb_1,3
1.0,sumo_coupled_00000765,40.2,gnb_2,6
1.0,sumo_coupled_00000766,40.3,gnb_1,3
1.0,sumo_coupled_00000767,40.3,gnb_2,6
1.0,sumo_coupled_00000768,40.4,gnb_1,3
1.0,sumo_coupled_00000769,40.4,gnb_2,6
1.0,sumo_coupled_00000770,40.5,gnb_1,3
1.0,sumo_coupled_00000771,40.5,gnb_2,6
1.0,sumo_coupled_00000772,40.6,gnb_1,3
1.0,sumo_coupled_00000773,40.6,gnb_2,6
1.0,sumo_coupled_00000774,40.7,gnb_1,3
1.0,sumo_coupled_00000775,40.7,gnb_2,6
1.0,sumo_coupled_00000776,40.8,gnb_1,3
1.0,sumo_coupled_00000777,40.8,gnb_2,6
1.0,sumo_coupled_00000778,40.9,gnb_1,3
1.0,sumo_coupled_00000779,40.9,gnb_2,6
1.0,sumo_coupled_00000780,41,gnb_1,3
1.0,sumo_coupled_00000781,41,gnb_2,6
1.0,sumo_coupled_00000782,41.1,gnb_1,3
1.0,sumo_coupled_00000783,41.1,gnb_2,6
1.0,sumo_coupled_00000784,41.2,gnb_1,3
1.0,sumo_coupled_00000785,41.2,gnb_2,6
1.0,sumo_coupled_00000786,41.3,gnb_1,3
1.0,sumo_coupled_00000787,41.3,gnb_2,6
1.0,sumo_coupled_00000788,41.4,gnb_1,3
1.0,sumo_coupled_00000789,41.4,gnb_2,6
1.0,sumo_coupled_00000790,41.5,gnb_1,3
1.0,sumo_coupled_00000791,41.5,gnb_2,6
1.0,sumo_coupled_00000792,41.6,gnb_1,3
1.0,sumo_coupled_00000793,41.6,gnb_2,6
1.0,sumo_coupled_00000794,41.7,gnb_1,3
1.0,sumo_coupled_00000795,41.7,gnb_2,6
1.0,sumo_coupled_00000796,41.8,gnb_1,3
1.0,sumo_coupled_00000797,41.8,gnb_2,6
1.0,sumo_coupled_00000798,41.9,gnb_1,3
1.0,sumo_coupled_00000799,41.9,gnb_2,6
1.0,sumo_coupled_00000800,42,gnb_1,3
1.0,sumo_coupled_00000801,42,gnb_2,6
1.0,sumo_coupled_00000802,42.1,gnb_1,3
1.0,sumo_coupled_00000803,42.1,gnb_2,6
1.0,sumo_coupled_00000804,42.2,gnb_1,3
1.0,sumo_coupled_00000805,42.2,gnb_2,6
1.0,sumo_coupled_00000806,42.3,gnb_1,3
1.0,sumo_coupled_00000807,42.3,gnb_2,6
1.0,sumo_coupled_00000808,42.4,gnb_1,3
1.0,sumo_coupled_00000809,42.4,gnb_2,6
1.0,sumo_coupled_00000810,42.5,gnb_1,3
1.0,sumo_coupled_00000811,42.5,gnb_2,6
1.0,sumo_coupled_00000812,42.6,gnb_1,3
1.0,sumo_coupled_00000813,42.6,gnb_2,6
1.0,sumo_coupled_00000814,42.7,gnb_1,3
1.0,sumo_coupled_00000815,42.7,gnb_2,6
1.0,sumo_coupled_00000816,42.8,gnb_1,3
1.0,sumo_coupled_00000817,42.8,gnb_2,6
1.0,sumo_coupled_00000818,42.9,gnb_1,3
1.0,sumo_coupled_00000819,42.9,gnb_2,6
1.0,sumo_coupled_00000820,43,gnb_1,3
1.0,sumo_coupled_00000821,43,gnb_2,6
1.0,sumo_coupled_00000822,43.1,gnb_1,3
1.0,sumo_coupled_00000823,43.1,gnb_2,6
1.0,sumo_coupled_00000824,43.2,gnb_1,3
1.0,sumo_coupled_00000825,43.2,gnb_2,6
1.0,sumo_coupled_00000826,43.3,gnb_1,3
1.0,sumo_coupled_00000827,43.3,gnb_2,6
1.0,sumo_coupled_00000828,43.4,gnb_1,3
1.0,sumo_coupled_00000829,43.4,gnb_2,6
1.0,sumo_coupled_00000830,43.5,gnb_1,3
1.0,sumo_coupled_00000831,43.5,gnb_2,6
1.0,sumo_coupled_00000832,43.6,gnb_1,3
1.0,sumo_coupled_00000833,43.6,gnb_2,6
1.0,sumo_coupled_00000834,43.7,gnb_1,3
1.0,sumo_coupled_00000835,43.7,gnb_2,6
1.0,sumo_coupled_00000836,43.8,gnb_1,3
1.0,sumo_coupled_00000837,43.8,gnb_2,6
1.0,sumo_coupled_00000838,43.9,gnb_1,3
1.0,sumo_coupled_00000839,43.9,gnb_2,6
1.0,sumo_coupled_00000840,44,gnb_1,3
1.0,sumo_coupled_00000841,44,gnb_2,6
1.0,sumo_coupled_00000842,44.1,gnb_1,3
1.0,sumo_coupled_00000843,44.1,gnb_2,6
1.0,sumo_coupled_00000844,44.2,gnb_1,3
1.0,sumo_coupled_00000845,44.2,gnb_2,6
1.0,sumo_coupled_00000846,44.3,gnb_1,3
1.0,sumo_coupled_00000847,44.3,gnb_2,6
1.0,sumo_coupled_00000848,44.4,gnb_1,3
1.0,sumo_coupled_00000849,44.4,gnb_2,6
1.0,sumo_coupled_00000850,44.5,gnb_1,3
1.0,sumo_coupled_00000851,44.5,gnb_2,6
1.0,sumo_coupled_00000852,44.6,gnb_1,3
1.0,sumo_coupled_00000853,44.6,gnb_2,6
1.0,sumo_coupled_00000854,44.7,gnb_1,3
1.0,sumo_coupled_00000855,44.7,gnb_2,6
1.0,sumo_coupled_00000856,44.8,gnb_1,3
1.0,sumo_coupled_00000857,44.8,gnb_2,6
1.0,sumo_coupled_00000858,44.9,gnb_1,3
1.0,sumo_coupled_00000859,44.9,gnb_2,6
1.0,sumo_coupled_00000860,45,gnb_1,3
1.0,sumo_coupled_00000861,45,gnb_2,1
